component	kind	version_or_commit	source	notes
PhiPack	git commit	b1d48d21037dd087b12a01d06eefbb3b33428bef	https://github.com/julianzaugg/phipack	Stage 1.5 PHI recombination test. GPL-3.0, invoked as a separate executable. Build with `make vendor`.
G4Hunter	reimplementation	native (g4watch/g4prediction/g4hunter.py)	see module docstring	Reimplemented rather than vendored; validated against the published reference behaviour.
G4RNA Screener	NOT USED	n/a	https://github.com/scottgroup/G4RNA_screener	Python 2-only, pickled PyBrain classifier. See vendor/README.md and docs/revision_log.md R-01.
IQ-TREE	external tool	2.3.6	https://github.com/iqtree/iqtree2	Stage 2 ML phylogeny. Pinned in containers/Dockerfile.phylogenetics.
TreeTime	external tool	0.11.4	PyPI phylo-treetime	Stage 2 time-scaling and rooting.
MAFFT	external tool	7.505-1 (Debian)	Debian bookworm	Stage 1 alignment. Pinned in containers/Dockerfile.alignment. Corrected 2026-09-05: the file previously claimed 7.520-1, which bookworm does not ship, so the image could never build.
R	external tool	4.3.3	CRAN	Ancestral-state reconstruction host.
R ape	R package	5.7.1	CRAN	ace() ancestral-state reconstruction.
numpy	python	>=1.26,<3	PyPI	Validated against 1.26.4.
scipy	python	>=1.11,<2	PyPI	Validated against 1.11.4.
biopython	python	>=1.83,<2	PyPI	Validated against 1.83.
pyyaml	python	>=6.0,<7	PyPI	Validated against 6.0.1.
Nextflow	orchestrator	>=23.10.0	https://nextflow.io	Validated against 26.04.4. See docs/revision_log.md R-07 for 25.x/26.x syntax notes.
