country	year	month	serotype	host	scale	source	source_verified	notes
India	2001	unknown	O	cattle	national	Hemadri D, et al. (2002); Knowles NJ, et al. (2005)	as_cited_not_reverified	Both citations given in the source deck, Slide 40, for this one outbreak year.
India	2005	unknown	O	cattle	national	Pattnaik B, et al. (2012)	as_cited_not_reverified	Cited in the source deck, Slide 40.
India	2008	unknown	O	cattle	national	Biswal JK, et al. (2012)	as_cited_not_reverified	Cited in the source deck, Slide 40.
India	2013	unknown	O	cattle	national	Subramaniam S, et al. (2015); Sanyal A, et al. (2016)	spot_checked	Subramaniam et al. is a real, located publication: "Evolutionary dynamics of foot-and-mouth disease virus O/ME-SA/Ind2001 lineage," 2015 -- verified by web search 2026-09-19. A related sublineage paper (Ind2001d, 18 genomes from the 2013-2014 outbreak, MRA 2019) independently corroborates a 2013-2014 Indian serotype-O event. Sanyal et al. not independently checked.
India	2014	unknown	O	cattle	national	Subramaniam S, et al. (2015); Sanyal A, et al. (2016)	as_cited_not_reverified	Source deck groups 2013 and 2014 under the same two citations (Slide 40); listed as a separate outbreak year here per Slide 39's trajectory chart, which reports them separately.
India	2021	unknown	unspecified	cattle	national	ICAR-DFMD Annual Report 2021-2022	as_cited_not_reverified	ICAR-DFMD (Project Directorate on Foot and Mouth Disease), Mukteswar. Institutional annual report, not independently located in this session.
India	2022	unknown	unspecified	cattle	national	ICAR-DFMD Annual Report 2021-2022; Dahiya et al. (2023)	as_cited_not_reverified	Cited in the source deck, Slide 40.
United Kingdom	2001	02	O	cattle,sheep,pig	national	Gibbens JC, Wilesmith JW, et al. (2001). Descriptive epidemiology of the 2001 foot-and-mouth disease epidemic in Great Britain: the first five months. Veterinary Record 149:729-743.	verified	Located and confirmed by web search 2026-09-19. Serotype O, PanAsia topotype (confirmed by Cottam et al., J Virol 2006, PMC1642183). First case confirmed 20 Feb 2001 (Essex). Companion paper: Gibbens & Wilesmith (2002), Vet Rec 151:407-412. Named only as "UK 2001 Epidemic" in the source deck (Slide 50), no citation given there -- citation supplied here from independent verification, not transcribed from the deck.
Taiwan	1997	03-07	O (Cathay topotype)	pig	national	Yang PC, Chu RM, Chung WB, Sung HT (1999). Epidemiological characteristics and financial costs of the 1997 foot-and-mouth disease epidemic in Taiwan. Veterinary Record 145:731-734. PMID 10972111.	verified	Located and confirmed by web search 2026-09-19. Pig-restricted strain (O/TAW/97), does not naturally infect cattle -- epidemiologically distinct from every other row in this table, which are cattle-dominant outbreaks. Named only as "Taiwan 1997" in the source deck (Slide 50), no citation given there -- citation supplied here from independent verification, not transcribed from the deck.
