accession	collection_date	country	host	serotype	organism	isolate	strain	length
HM854021.1	2000	India	Buffalo	A	FMDV		IND81/00	8112
HQ832582.1	2004	India	Buffalo	A	FMDV	IND 249/2004		8179
HQ832579.1	2003	India	Buffalo	A	FMDV	IND 281/2003		8177
KY446902.1	2005	Pakistan	Buffalo	A	FMDV	Hafizabad/QOL-UVAS-Pak/2005		8186
GQ406252.1	2009	Viet Nam	Buffalo	A	FMDV		A/VN/20/2009	8215
DQ989317.1	2000	India	Buffalo	Asia 1	FMDV	IND 148-01		8274
DQ989311.1	2002	India	Buffalo	Asia 1	FMDV	IND 37-02		8188
KY446901.1	2006	Pakistan	Buffalo	Asia 1	FMDV	Mazbi/QOL-UVAS-Pak/2006		8197
GU384683.1	2008	Pakistan	Buffalo	O	FMDV	PAK/45/2008		8285
OM456138.1	2009	Pakistan	Buffalo	O	FMDV	O/PAK/KCH/4/2009		8157
OM456145.1	2010	Pakistan	Buffalo	O	FMDV	O/PAK/SGD/17/2010		8159
OM456150.1	2010	Pakistan	Buffalo	O	FMDV	O/PAK/SHL/16/2010		8156
KY446903.1	2005	Pakistan	Buffalo	O	FMDV	FBD/QOL-UVAS-Pak/2005		8154
KT003716.1	2005	Pakistan	Buffalo	O	FMDV	Nari/UVAS-Pak/2005		8157
FJ175661.1	2007	Israel	Goat	O	FMDV	Israel 07-6378		8287
OQ356340.1	2001	Brazil	cattle	A	FMDV	FBR02756DI		8148
HQ832580.1	2003	India	cattle	A	FMDV	IND 818/2003		8179
HQ832581.1	2004	India	cattle	A	FMDV	IND 64/2004		8095
OQ356344.1	2006	Uruguay	cattle	A	FMDV	FBR03563		8036
HQ832590.1	2007	India	cattle	A	FMDV	IND 245/2007		8183
OQ356347.1	2008	Egypt	cattle	A	FMDV	FBR04274		8210
OM455480.1	2008	Pakistan	cattle	A	FMDV	A/PAK/ICT/1/2008		8184
HQ832592.1	2009	India	cattle	A	FMDV	IND 17/2009		8140
OM455482.1	2009	Pakistan	cattle	A	FMDV	A/PAK/KCH/7/2009		8187
OQ356349.1	2010	Kenya	cattle	A	FMDV	FBR04313		8101
OR338601.1	2001	Argentina	cattle	A	FMDV	MCH/969/2001		8123
OR338602.1	2001	Argentina	cattle	A	FMDV	MCH/1028/2001		8123
OR338603.1	2001	Argentina	cattle	A	FMDV	MCH/1113/2001		8123
OR338605.1	2001	Argentina	cattle	A	FMDV	MCH/1154/2001		8123
OR338604.1	2001	Argentina	cattle	A	FMDV	MCH/1153/2001		8122
OR338606.1	2001	Argentina	cattle	A	FMDV	MCH/1155/2001		8123
OR338608.1	2001	Argentina	cattle	A	FMDV	MCH/1345/2001		8124
OR338609.1	2001	Argentina	cattle	A	FMDV	MCH/1346/2001		8124
OR338607.1	2001	Argentina	cattle	A	FMDV	MCH/1344/2001		8122
OR338610.1	2001	Argentina	cattle	A	FMDV	MCH/1347/2001		8124
OR338611.1	2001	Argentina	cattle	A	FMDV	MCH/1348/2001		8123
OR338613.1	2001	Argentina	cattle	A	FMDV	MCH/1454/2001		8123
OR338614.1	2001	Argentina	cattle	A	FMDV	MCH/1455/2001		8123
OR338612.1	2001	Argentina	cattle	A	FMDV	MCH/1452/2001		8123
OR338616.1	2001	Argentina	cattle	A	FMDV	MCH/1558/2001		8122
OR338615.1	2001	Argentina	cattle	A	FMDV	MCH/1557/2001		8123
OR338617.1	2001	Argentina	cattle	A	FMDV	MCH/1562/2001		8123
OR338618.1	2001	Argentina	cattle	A	FMDV	MCH/1656/2001		8123
OR338620.1	2001	Argentina	cattle	A	FMDV	MCH/1811/2001		8123
OR338619.1	2001	Argentina	cattle	A	FMDV	MCH/1810/2001		8123
OR338621.1	2001	Argentina	cattle	A	FMDV	MCH/1893/2001		8123
HQ832584.1	2005	India	cattle	A	FMDV	IND 22/2006		8097
HQ832588.1	2005	India	cattle	A	FMDV	IND 88/2006		8178
HQ832587.1	2005	India	cattle	A	FMDV	IND 50/2006		8190
HQ832589.1	2006	India	cattle	A	FMDV	IND 109/2006		8142
HQ632773.1	2007	Malaysia	cattle	A	FMDV	MAY/3/2007		8192
PQ768002.1	2008	India	cattle	A	FMDV	A/IND53/2008		8139
PQ768003.1	2008	India	cattle	A	FMDV	A/IND165/2008		8184
HQ832591.1	2008	India	cattle	A	FMDV	IND 437/2008		8182
PQ768004.1	2008	India	cattle	A	FMDV	A/IND436/2008		8185
GQ406248.1	2009	Viet Nam	cattle	A	FMDV		A/VN/02/2009	8210
GQ406249.1	2009	Viet Nam	cattle	A	FMDV		A/VN/03/2009	8206
GQ406247.1	2009	Viet Nam	cattle	A	FMDV		A/VN/09/2009	8207
GQ406250.1	2009	Viet Nam	cattle	A	FMDV		A/VN/11/2009	8209
PQ768006.1	2009	India	cattle	A	FMDV	A/IND832/2009		8187
PQ768007.1	2010	India	cattle	A	FMDV	A/IND1(3)/2010		8181
KC588943.1	2010	South Korea	cattle	A	FMDV	A/Pocheon/001/KOR/2010		8196
PQ768008.1	2010	India	cattle	A	FMDV	A/IND46(98)/2010		8182
PQ768009.1	2010	India	cattle	A	FMDV	A/IND226(616)/2010		8186
GU931682.1	2005	China	cattle	Asia 1	FMDV	Asia1/YS/CHA/05		8194
DQ989304.1	2000	India	cattle	Asia 1	FMDV	IND 334-00		8227
DQ989314.1	2001	India	cattle	Asia 1	FMDV	IND 354-01		8273
DQ989319.1	2001	India	cattle	Asia 1	FMDV	IND 423-01		8274
DQ989321.1	2001	India	cattle	Asia 1	FMDV	IND 438-01		8273
DQ989318.1	2002	India	cattle	Asia 1	FMDV	IND 61-02		8269
DQ989323.1	2002	India	cattle	Asia 1	FMDV	IND 97-03		8279
DQ989322.1	2002	India	cattle	Asia 1	FMDV	IND 139-02		8251
DQ989320.1	2002	India	cattle	Asia 1	FMDV	IND 182-02		8273
KM268897.1	2004	Kenya	cattle	C	FMDV	KEN/1/2004		8199
FJ542367.1	2001	United Kingdom	cattle	O	FMDV	UKG/1558/2001		8193
FJ542368.1	2001	United Kingdom	cattle	O	FMDV	UKG/1734/2001		8193
FJ542370.1	2001	United Kingdom	cattle	O	FMDV	UKG/2085/2001		8193
FJ542371.1	2001	United Kingdom	cattle	O	FMDV	UKG/2526/2001		8193
FJ542372.1	2001	United Kingdom	cattle	O	FMDV	UKG/2640/2001		8193
FJ542365.1	2001	United Kingdom	cattle	O	FMDV	UKG/417/2001		8193
MN983153.1	2001	India	cattle	O	FMDV	O/IND/121/2001		8165
MH053311.1	2004	Ethiopia	cattle	O	FMDV	ETH/3/2004		8172
MN983154.1	2005	India	cattle	O	FMDV	O/IND/442/2005		8183
FJ175662.1	2007	Israel	cattle	O	FMDV	Israel 07-6380		8275
FJ175663.1	2007	Israel	cattle	O	FMDV	Israel 07-6382		8286
FJ175666.1	2007	Israel	cattle	O	FMDV	Israel 07-6387		8283
FJ175664.1	2007	Israel	cattle	O	FMDV	Israel 07-6389		8269
FJ175665.1	2007	Israel	cattle	O	FMDV	Israel 07-6391		8270
GU384682.1	2008	Pakistan	cattle	O	FMDV	PAK/44/2008		8280
MN983155.1	2008	India	cattle	O	FMDV	O/IND/290/2008		8182
MN983156.1	2008	India	cattle	O	FMDV	O/IND/433/2008		8179
MN983157.1	2009	India	cattle	O	FMDV	O/IND/35/2009		8174
MN983158.1	2009	India	cattle	O	FMDV	O/IND/47/2009		8172
JQ973889.1	2010	China	cattle	O	FMDV		O/CHN/Mya98/33-P	8221
LC036265.1	2010	Japan	cattle	O	FMDV		O/JPN/2010 290-1E	8216
OM456146.1	2010	Pakistan	cattle	O	FMDV	O/PAK/SGD/18/2010		8157
OM456144.1	2010	Pakistan	cattle	O	FMDV	O/PAK/SGD/9/2010		8159
DQ404176.1	2001	United Kingdom	cattle	O	FMDV		UKG/150/2001	8193
DQ404175.1	2001	United Kingdom	cattle	O	FMDV		UKG/173/2001	8193
DQ404173.1	2001	United Kingdom	cattle	O	FMDV		UKG/220/2001	8195
DQ404172.1	2001	United Kingdom	cattle	O	FMDV		UKG/621/2001	8193
KM257061.1	2001	United Kingdom	cattle	O	FMDV	UKG/1450/2001		8183
KM257062.1	2001	United Kingdom	cattle	O	FMDV	UKG/1558/2001		8183
KM257063.1	2001	United Kingdom	cattle	O	FMDV	UKG/1734/2001		8183
EF552693.1	2001	United Kingdom	cattle	O	FMDV		UKG/4014/2001	8193
KM257064.1	2001	United Kingdom	cattle	O	FMDV	UKG/4998/2001		8177
EF552694.1	2001	United Kingdom	cattle	O	FMDV		UKG/4998/2001	8194
EF552696.1	2001	United Kingdom	cattle	O	FMDV		UKG/5470/2001	8193
EF552690.1	2001	United Kingdom	cattle	O	FMDV		UKG/7039/2001	8193
DQ404168.1	2001	United Kingdom	cattle	O	FMDV		UKG/9011/2001	8193
EF552691.1	2001	United Kingdom	cattle	O	FMDV		UKG/9161/2001	8193
DQ404166.1	2001	United Kingdom	cattle	O	FMDV		UKG/9788/2001	8193
DQ404165.1	2001	United Kingdom	cattle	O	FMDV		UKG/9964/2001	8193
DQ404164.1	2001	United Kingdom	cattle	O	FMDV		UKG/11676/2001	8193
DQ404163.1	2001	United Kingdom	cattle	O	FMDV		UKG/14339/2001	8191
DQ404161.1	2001	United Kingdom	cattle	O	FMDV		UKG/14391/2001	8189
DQ404160.1	2001	United Kingdom	cattle	O	FMDV		UKG/14524/2001	8187
KM257065.1	2001	United Kingdom	cattle	O	FMDV	UKG/14597/2001		8183
DQ404159.1	2001	United Kingdom	cattle	O	FMDV		UKG/14603/2001	8188
HQ632769.1	2001	Malaysia	cattle	O	FMDV	MAY/7/2001		8159
KF694744.1	2002	South Korea	cattle	O	FMDV	O/S14KOR/2002		8212
HQ632770.1	2004	Malaysia	cattle	O	FMDV	MAY/1/2004		8190
MH053312.1	2005	Ethiopia	cattle	O	FMDV	ETH/58/2005		8165
MH053314.1	2007	Ethiopia	cattle	O	FMDV	ETH/1/2007		8174
KJ560277.1	2007	United Kingdom	cattle	O	FMDV	O/UKG/11/2007 (IP1b)		8176
KJ560278.1	2007	United Kingdom	cattle	O	FMDV	O/UKG/13/2007 (IP1b)		8176
KJ560279.1	2007	United Kingdom	cattle	O	FMDV	O/UKG/32/2007 (IP1b)		8176
KJ560276.1	2007	United Kingdom	cattle	O	FMDV	O/UKG/9/2007 (IP1b)		8176
EU448371.1	2007	United Kingdom	cattle	O	FMDV	UKG/7/2007 (IP1b)		8176
EU448372.1	2007	United Kingdom	cattle	O	FMDV	UKG/7B/2007 (IP1b)		8176
KJ560280.1	2007	United Kingdom	cattle	O	FMDV	O/UKG/91/2007 (IP2b)		8176
KJ560281.1	2007	United Kingdom	cattle	O	FMDV	O/UKG/92/2007 (IP2b)		8176
KJ560282.1	2007	United Kingdom	cattle	O	FMDV	O/UKG/94/2007 (IP2b)		8176
KJ560283.1	2007	United Kingdom	cattle	O	FMDV	O/UKG/95/2007 (IP2b)		8176
KJ560284.1	2007	United Kingdom	cattle	O	FMDV	O/UKG/96/2007 (IP2b)		8176
KJ560285.1	2007	United Kingdom	cattle	O	FMDV	O/UKG/97/2007 (IP2b)		8176
EU448373.1	2007	United Kingdom	cattle	O	FMDV	UKG/93/2007 (IP2b)		8176
KJ560286.1	2007	United Kingdom	cattle	O	FMDV	O/UKG/132/2007 (IP2c)		8176
KJ560287.1	2007	United Kingdom	cattle	O	FMDV	O/UKG/158/2007 (IP2c)		8176
EU448374.1	2007	United Kingdom	cattle	O	FMDV	UKG/150/2007 (IP2c)		8176
KJ560288.1	2007	United Kingdom	cattle	O	FMDV	O/UKG/642/2007 (IP3b)		8176
KJ560289.1	2007	United Kingdom	cattle	O	FMDV	O/UKG/644/2007 (IP3b)		8176
KJ560290.1	2007	United Kingdom	cattle	O	FMDV	O/UKG/645/2007 (IP3b)		8176
KJ560291.1	2007	United Kingdom	cattle	O	FMDV	O/UKG/647/2007 (IP3b)		8176
KJ560292.1	2007	United Kingdom	cattle	O	FMDV	O/UKG/648/2007 (IP3b)		8176
KJ560293.1	2007	United Kingdom	cattle	O	FMDV	O/UKG/649/2007 (IP3b)		8176
KJ560294.1	2007	United Kingdom	cattle	O	FMDV	O/UKG/650/2007 (IP3b)		8176
EU448375.1	2007	United Kingdom	cattle	O	FMDV	UKG/643/2007 (IP3b)		8176
KJ560296.1	2007	United Kingdom	cattle	O	FMDV	O/UKG/805/2007 (IP4b)		8176
EU448377.1	2007	United Kingdom	cattle	O	FMDV	UKG/800/2007 (IP4b)		8176
KJ560295.1	2007	United Kingdom	cattle	O	FMDV	O/UKG/1170/2007 (IP3c)		8176
EU448376.1	2007	United Kingdom	cattle	O	FMDV	UKG/1153/2007 (IP3c)		8176
KJ560301.1	2007	United Kingdom	cattle	O	FMDV	O/UKG/1485/2007 (IP6b)		8176
KJ560302.1	2007	United Kingdom	cattle	O	FMDV	O/UKG/1488/2007 (IP6b)		8176
EU448379.1	2007	United Kingdom	cattle	O	FMDV	UKG/1484/2007 (IP6b)		8176
KJ560303.1	2007	United Kingdom	cattle	O	FMDV	O/UKG/1684/2007 (IP7)		8176
KJ560304.1	2007	United Kingdom	cattle	O	FMDV	O/UKG/1693/2007 (IP7)		8176
KJ560305.1	2007	United Kingdom	cattle	O	FMDV	O/UKG/1694/2007 (IP7)		8176
KJ560306.1	2007	United Kingdom	cattle	O	FMDV	O/UKG/1698/2007 (IP7)		8176
KJ560307.1	2007	United Kingdom	cattle	O	FMDV	O/UKG/1701/2007 (IP7)		8176
KJ560308.1	2007	United Kingdom	cattle	O	FMDV	O/UKG/1704/2007 (IP7)		8176
KJ560309.1	2007	United Kingdom	cattle	O	FMDV	O/UKG/1709/2007 (IP7)		8176
EU448380.1	2007	United Kingdom	cattle	O	FMDV	UKG/1679/2007 (IP7)		8176
EU448381.1	2007	United Kingdom	cattle	O	FMDV	UKG/2366/2007 (IP8)		8176
HQ632772.1	2007	Malaysia	cattle	O	FMDV	MAY/7/2007		8186
JX570638.1	2007	United Kingdom	cattle	O	FMDV	BFS 1860 A1.2D.V		8193
JX570647.1	2007	United Kingdom	cattle	O	FMDV	BFS 1860 B1.2D.V		8193
JX570639.1	2007	United Kingdom	cattle	O	FMDV	BFS 1860 A2.2D.P		8193
JX570648.1	2007	United Kingdom	cattle	O	FMDV	BFS 1860 B2.2D.P		8193
JX570640.1	2007	United Kingdom	cattle	O	FMDV	BFS 1860 A2.4D.P		8193
JX570649.1	2007	United Kingdom	cattle	O	FMDV	BFS 1860 B2.4D.P		8193
JX570642.1	2007	United Kingdom	cattle	O	FMDV	BFS 1860 A2.6D.P		8193
JX570641.1	2007	United Kingdom	cattle	O	FMDV	BFS 1860 A2.6D.V		8193
JX570651.1	2007	United Kingdom	cattle	O	FMDV	BFS 1860 B2.6D.P		8193
JX570650.1	2007	United Kingdom	cattle	O	FMDV	BFS 1860 B2.6D.V		8193
JX570653.1	2007	United Kingdom	cattle	O	FMDV	BFS 1860 B3.3D.V		8193
JX570644.1	2007	United Kingdom	cattle	O	FMDV	BFS 1860 A3.5D.V		8193
JX570654.1	2007	United Kingdom	cattle	O	FMDV	BFS 1860 B4.9D.V		8193
JX570646.1	2007	United Kingdom	cattle	O	FMDV	BFS 1860 A5.9D.V		8193
JX570655.1	2007	United Kingdom	cattle	O	FMDV	BFS 1860 B5.9D.V		8193
JX570645.1	2007	United Kingdom	cattle	O	FMDV	BFS 1860 A4.12D.V		8193
JX570643.1	2007	United Kingdom	cattle	O	FMDV	BFS 1860 A2.32D.P		8193
JX570652.1	2007	United Kingdom	cattle	O	FMDV	BFS 1860 B2.32D.P		8193
MG983704.1	2008	Nepal	cattle	O	FMDV	NEP/5/2008		8196
MG983687.1	2009	Bhutan	cattle	O	FMDV	BHU/2/2009		8185
KF112880.1	2009	Myanmar	cattle	O	FMDV	MYA/5/2009		8188
MG983684.1	2009	Bangladesh	cattle	O	FMDV	BAN/1/2009		8199
MG983692.1	2009	Iran	cattle	O	FMDV	IRN/72/2009		8186
MG983688.1	2009	Bhutan	cattle	O	FMDV	BHU/40/2009		8208
MG983705.1	2010	Nepal	cattle	O	FMDV	NEP/7/2010		8208
MG983706.1	2010	Nepal	cattle	O	FMDV	NEP/9/2010		8209
KF112886.1	2010	South Korea	cattle	O	FMDV	SKR/4/2010		8190
KF112885.1	2010	Japan	cattle	O	FMDV	JPN/1/2010		8192
KF112882.1	2010	Mongolia	cattle	O	FMDV	MOG/C-10/2010		8188
JX040491.1	2010	Turkey	cattle	O	FMDV	TUR/18/2010		8194
JX040493.1	2010	Turkey	cattle	O	FMDV	TUR/840/2010		8194
JX040494.1	2010	Turkey	cattle	O	FMDV	TUR/868/2010		8194
MN062585.1	2010	Turkey	cattle	O	FMDV		O/TUR/1112/2010	8157
JX040495.1	2010	Turkey	cattle	O	FMDV	TUR/883/2010		8194
JX040496.1	2010	Turkey	cattle	O	FMDV	TUR/926/2010		8194
JX040497.1	2010	Turkey	cattle	O	FMDV	TUR/1003/2010		8194
JX040492.1	2010	Turkey	cattle	O	FMDV	TUR/36/2010		8194
JX040498.1	2010	Turkey	cattle	O	FMDV	TUR/1086/2010		8194
KF112884.1	2010	Russia	cattle	O	FMDV	RUS/Aug 2010		8187
KF112881.1	2010	Mongolia	cattle	O	FMDV	MOG/7/2010		8189
KU821591.1	2010	Zambia	cattle	O	FMDV	O/ZAM14/2010		8152
MH053313.1	2006	Ethiopia	cattle	O	FMDV	ETH/2/2006		8162
JN998086.1	2010	China	cattle	O	FMDV		O/GZ/CHA/2010	8241
OM863582.1	2010	Kenya	cattle	SAT 1	FMDV	KEN/80/2010		8149
PV524760.1	2010	Kenya	cattle	SAT 1	FMDV	KEN/80/2010		8133
KU821590.1	2010	Namibia	cattle	SAT 1	FMDV	SAT1/NAM01/2010		8075
KU821592.1	2009	Zambia	cattle	SAT 2	FMDV	SAT2/ZAM18/2009		8171
FJ542366.1	2001	United Kingdom	sheep	O	FMDV	UKG/1450/2001		8193
FJ542369.1	2001	United Kingdom	sheep	O	FMDV	UKG/2000/2001		8194
DQ404174.1	2001	Ireland	sheep	O	FMDV		UKG/438/2001	8193
EF552688.1	2001	United Kingdom	sheep	O	FMDV		UKG/3952/2001	8193
EF552689.1	2001	United Kingdom	sheep	O	FMDV		UKG/4141/2001	8193
DQ404171.1	2001	United Kingdom	sheep	O	FMDV		UKG/4569/2001	8193
EF552697.1	2001	United Kingdom	sheep	O	FMDV		UKG/5681/2001	8193
DQ404169.1	2001	United Kingdom	sheep	O	FMDV		UKG/7038/2001	8193
EF552692.1	2001	United Kingdom	sheep	O	FMDV		UKG/7299/2001	8195
DQ404170.1	2001	United Kingdom	sheep	O	FMDV		UKG/7675/2001	8193
EU214601.1	2001	United Kingdom	sheep	O	FMDV		UKG/8098/2001	8193
DQ404167.1	2001	United Kingdom	sheep	O	FMDV		UKG/9327/2001	8188
EF552695.1	2001	United Kingdom	sheep	O	FMDV		UKG/9443/2001	8193
DQ404162.1	2001	United Kingdom	sheep	O	FMDV		UKG/14476/2001	8192
DQ404158.1	2001	United Kingdom	sheep	O	FMDV		UKG/15101/2001	8187
KJ560297.1	2007	United Kingdom	sheep	O	FMDV	O/UKG/1418/2007 (IP5)		8176
KJ560298.1	2007	United Kingdom	sheep	O	FMDV	O/UKG/1419/2007 (IP5)		8176
KJ560299.1	2007	United Kingdom	sheep	O	FMDV	O/UKG/1425/2007 (IP5)		8176
KJ560300.1	2007	United Kingdom	sheep	O	FMDV	O/UKG/1426/2007 (IP5)		8176
EU448378.1	2007	United Kingdom	sheep	O	FMDV	UKG/1421/2007 (IP5)		8176
GQ406251.1	2009	Viet Nam	Wild boar	A	FMDV		A/VN/16/2009	8207
FJ906802.1	2006	China	Wild boar	Asia 1	FMDV		Asia1/WHN/CHA/06	8239
HQ631363.1	2006	China	Wild boar	Asia 1	FMDV	Asia1/1/YZ/CHA/06		8201
KC412634.1	2006	China	Wild boar	Asia 1	FMDV	Asia1/HN/2006		8236
KC462884.1	2006	China	Wild boar	Asia 1	FMDV	Asial/HN/2006		8236
KF501486.1	2010	South Korea	Wild boar	O	FMDV		Andong-p23	8238
KF501487.1	2010	South Korea	Wild boar	O	FMDV		Yangju	8238
KF501488.1	2010	South Korea	Wild boar	O	FMDV		Yangju-p26	8238
HQ632768.1	2000	Malaysia	Wild boar	O	FMDV	MAY/3/2000		8190
HQ412603.1	2000	China	Wild boar	O	FMDV		O/YM/YN/2000	8133
DQ404180.1	2001	United Kingdom	Wild boar	O	FMDV		UKG/11/2001	8193
DQ404179.1	2001	United Kingdom	Wild boar	O	FMDV		UKG/126/2001	8193
DQ404178.1	2001	United Kingdom	Wild boar	O	FMDV		UKG/127/2001	8193
DQ404177.1	2001	United Kingdom	Wild boar	O	FMDV		UKG/128/2001	8193
KF694731.1	2002	South Korea	Wild boar	O	FMDV	O/S01KOR/2002		8212
KF694732.1	2002	South Korea	Wild boar	O	FMDV	O/S02KOR/2002		8212
KF694733.1	2002	South Korea	Wild boar	O	FMDV	O/S03KOR/2002		8213
KF694734.1	2002	South Korea	Wild boar	O	FMDV	O/S04KOR/2002		8213
KF694735.1	2002	South Korea	Wild boar	O	FMDV	O/S05KOR/2002		8212
KF694736.1	2002	South Korea	Wild boar	O	FMDV	O/S06KOR/2002		8212
KF694737.1	2002	South Korea	Wild boar	O	FMDV	O/S07KOR/2002		8212
KF694738.1	2002	South Korea	Wild boar	O	FMDV	O/S08KOR/2002		8212
KF694739.1	2002	South Korea	Wild boar	O	FMDV	O/S09KOR/2002		8212
KF694740.1	2002	South Korea	Wild boar	O	FMDV	O/S10KOR/2002		8213
KF694741.1	2002	South Korea	Wild boar	O	FMDV	O/S11KOR/2002		8211
KF694742.1	2002	South Korea	Wild boar	O	FMDV	O/S12KOR/2002		8211
KF694743.1	2002	South Korea	Wild boar	O	FMDV	O/S13KOR/2002		8213
KF694745.1	2002	South Korea	Wild boar	O	FMDV	O/S15KOR/2002		8214
KF694746.1	2002	South Korea	Wild boar	O	FMDV	O/S16KOR/2002		8214
HQ632771.1	2005	Malaysia	Wild boar	O	FMDV	MAY/8/2005		8130
KF112879.1	2009	Thailand	Wild boar	O	FMDV	TAI/22/2009		8189
KF112889.1	2010	Hong Kong	Wild boar	O	FMDV	HKN15/2010		8190
HM229661.1	2010	Hong Kong	Wild boar	O	FMDV	HKN/20/2010		8123
KF112883.1	2010	Russia	Wild boar	O	FMDV	RUS/Jul 2010		8190
KF112887.1	2010	South Korea	Wild boar	O	FMDV	SKR/5/2010		8192
JX040485.1	2010	Bulgaria	Wild boar	O	FMDV	BUL/1/2010		8194
HM008917.1	2005	China	Wild boar	O	FMDV		O/YS/CHA/05	8262
MN389541.1	2010	China	Wild boar	O	FMDV		O/Mya98/JX/2010	8156
JN998085.1	2010	China	Wild boar	O	FMDV		O/BY/CHA/2010	8237
KR108948.1	2009	South Africa	buffalo	SAT 1	FMDV	KNP/196/91/1		8010
KR108949.1	2009	South Africa	buffalo	SAT 2	FMDV	KNP-19-89		8008
KR108950.1	2009	South Africa	buffalo	SAT 3	FMDV	KNP-10-90		8165
MF372125.1	2016	India	cattle	Asia 1	FMDV	IND4/2016		8199
KT968663.1	2013	China	cattle	A	FMDV	A/HY/CHA/2013		8103
OM455481.1	2012	Pakistan	Buffalo	A	FMDV	A/PAK/ICT/276/2012		8190
OM455484.1	2012	Pakistan	Buffalo	A	FMDV	A/PAK/SGD/12/2012		8168
MT863268.1	2016	Egypt	Buffalo	A	FMDV	A/buffalo/Damietta/Egypt/2016		8264
OM455467.1	2012	Pakistan	Buffalo	A	FMDV	A/PAK/ICT/059-1/2012_pro		8175
OM455472.1	2012	Pakistan	Buffalo	A	FMDV	A/PAK/ICT/170-1/2012_pro		8193
OM455474.1	2012	Pakistan	Buffalo	A	FMDV	A/PAK/ICT/208-1/2012_pro		8167
OM455475.1	2012	Pakistan	Buffalo	A	FMDV	A/PAK/ICT/229-1/2012_pro		8167
OM455476.1	2012	Pakistan	Buffalo	A	FMDV	A/PAK/ICT/231-1/2012_pro		8173
OM455477.1	2012	Pakistan	Buffalo	A	FMDV	A/PAK/ICT/237-1/2012_pro		8175
OM455478.1	2012	Pakistan	Buffalo	A	FMDV	A/PAK/ICT/238-1/2012_pro		8183
OM455466.1	2012	Pakistan	Buffalo	A	FMDV	A/PAK/ICT/008-3/2012_pro		8189
OM455465.1	2012	Pakistan	Buffalo	A	FMDV	A/PAK/ICT/7-3/2012_pro		8187
OM455470.1	2012	Pakistan	Buffalo	A	FMDV	A/PAK/ICT/168-2/2012_pro		8173
PQ768012.1	2012	India	Buffalo	A	FMDV	A/IND168(388)/2012		8187
OM455471.1	2012	Pakistan	Buffalo	A	FMDV	A/PAK/ICT/168-3/2012_pro		8177
OM455468.1	2012	Pakistan	Buffalo	A	FMDV	A/PAK/ICT/131-4/2012_pro		8178
OM455469.1	2012	Pakistan	Buffalo	A	FMDV	A/PAK/ICT/149-4/2012_pro		8162
OM455473.1	2012	Pakistan	Buffalo	A	FMDV	A/PAK/ICT/177-4/2012_pro		8176
OM471664.1	2011	Pakistan	Buffalo	Asia 1	FMDV	Asia1/PAK/KCH/32/2011		8162
OM471665.1	2011	Pakistan	Buffalo	Asia 1	FMDV	Asia1/PAK/KCH/34/2011		8173
OM471666.1	2011	Pakistan	Buffalo	Asia 1	FMDV	Asia1/PAK/KCH/38/2011		8172
OM471667.1	2011	Pakistan	Buffalo	Asia 1	FMDV	Asia1/PAK/KCH/39/2011		8172
OM471660.1	2012	Pakistan	Buffalo	Asia 1	FMDV	Asia1/PAK/ICT/271/2012		8176
OM471670.1	2012	Pakistan	Buffalo	Asia 1	FMDV	Asia1/PAK/RWP/227/2012		8172
OM471677.1	2012	Pakistan	Buffalo	Asia 1	FMDV	Asia1/PAK/SGD/167/2012		8180
OM471680.1	2012	Pakistan	Buffalo	Asia 1	FMDV	Asia1/PAK/SGD/179/2012		8166
OM471610.1	2011	Pakistan	Buffalo	Asia 1	FMDV	Asia1/PAK/ICT/008-1/2011_pro		8172
OM471612.1	2012	Pakistan	Buffalo	Asia 1	FMDV	Asia1/PAK/ICT/115-1/2012_pro		8172
OM471613.1	2012	Pakistan	Buffalo	Asia 1	FMDV	Asia1/PAK/ICT/137-1/2012_pro		8166
OM471616.1	2012	Pakistan	Buffalo	Asia 1	FMDV	Asia1/PAK/ICT/167-1/2012_pro		8199
OM471617.1	2012	Pakistan	Buffalo	Asia 1	FMDV	Asia1/PAK/ICT/168-1/2012_pro		8178
OM471618.1	2012	Pakistan	Buffalo	Asia 1	FMDV	Asia1/PAK/ICT/177-1/2012_pro		8173
OM471621.1	2012	Pakistan	Buffalo	Asia 1	FMDV	Asia1/PAK/ICT/180-1/2012_pro		8173
OM471622.1	2012	Pakistan	Buffalo	Asia 1	FMDV	Asia1/PAK/ICT/181-1/2012_pro		8194
OM471623.1	2012	Pakistan	Buffalo	Asia 1	FMDV	Asia1/PAK/ICT/183-1/2012_pro		8181
OM471625.1	2012	Pakistan	Buffalo	Asia 1	FMDV	Asia1/PAK/ICT/184-1/2012_pro		8178
OM471628.1	2012	Pakistan	Buffalo	Asia 1	FMDV	Asia1/PAK/ICT/185-1/2012_pro		8197
OM471647.1	2012	Pakistan	Buffalo	Asia 1	FMDV	Asia1/PAK/ICT/254-1/2012_pro		8178
OM471650.1	2012	Pakistan	Buffalo	Asia 1	FMDV	Asia1/PAK/ICT/263-1/2012_pro		8177
OM471654.1	2012	Pakistan	Buffalo	Asia 1	FMDV	Asia1/PAK/ICT/277-1/2012_pro		8179
OM471656.1	2012	Pakistan	Buffalo	Asia 1	FMDV	Asia1/PAK/ICT/284-1/2012_pro		8177
OM471611.1	2012	Pakistan	Buffalo	Asia 1	FMDV	Asia1/PAK/ICT/059-2/2012_pro		8171
OM471630.1	2012	Pakistan	Buffalo	Asia 1	FMDV	Asia1/PAK/ICT/187-4/2012_pro		8173
OM471633.1	2012	Pakistan	Buffalo	Asia 1	FMDV	Asia1/PAK/ICT/189-4/2012_pro		8178
OM471636.1	2012	Pakistan	Buffalo	Asia 1	FMDV	Asia1/PAK/ICT/192-4/2012_pro		8173
OM471637.1	2012	Pakistan	Buffalo	Asia 1	FMDV	Asia1/PAK/ICT/208-4/2012_pro		8192
OM471638.1	2012	Pakistan	Buffalo	Asia 1	FMDV	Asia1/PAK/ICT/209-4/2012_pro		8174
OM471639.1	2012	Pakistan	Buffalo	Asia 1	FMDV	Asia1/PAK/ICT/220-4/2012_pro		8169
OM471640.1	2012	Pakistan	Buffalo	Asia 1	FMDV	Asia1/PAK/ICT/221-4/2012_pro		8171
OM471641.1	2012	Pakistan	Buffalo	Asia 1	FMDV	Asia1/PAK/ICT/222-4/2012_pro		8169
OM471642.1	2012	Pakistan	Buffalo	Asia 1	FMDV	Asia1/PAK/ICT/229-4/2012_pro		8192
OM471643.1	2012	Pakistan	Buffalo	Asia 1	FMDV	Asia1/PAK/ICT/230-4/2012_pro		8195
OM471644.1	2012	Pakistan	Buffalo	Asia 1	FMDV	Asia1/PAK/ICT/231-4/2012_pro		8194
OM471645.1	2012	Pakistan	Buffalo	Asia 1	FMDV	Asia1/PAK/ICT/233-4/2012_pro		8174
OM471646.1	2012	Pakistan	Buffalo	Asia 1	FMDV	Asia1/PAK/ICT/237-4/2012_pro		8176
OM471648.1	2012	Pakistan	Buffalo	Asia 1	FMDV	Asia1/PAK/ICT/254-4/2012_pro		8186
OM471649.1	2012	Pakistan	Buffalo	Asia 1	FMDV	Asia1/PAK/ICT/256-4/2012_pro		8173
OM471651.1	2012	Pakistan	Buffalo	Asia 1	FMDV	Asia1/PAK/ICT/263-4/2012_pro		8179
OM471652.1	2012	Pakistan	Buffalo	Asia 1	FMDV	Asia1/PAK/ICT/272-4/2012_pro		8120
OM471653.1	2012	Pakistan	Buffalo	Asia 1	FMDV	Asia1/PAK/ICT/273-4/2012_pro		8169
OM471655.1	2012	Pakistan	Buffalo	Asia 1	FMDV	Asia1/PAK/ICT/277-4/2012_pro		8180
OM471658.1	2012	Pakistan	Buffalo	Asia 1	FMDV	Asia1/PAK/ICT/283-4/2012_pro		8167
OM471614.1	2012	Pakistan	Buffalo	Asia 1	FMDV	Asia1/PAK/ICT/144-2/2012_pro		8172
OM471619.1	2012	Pakistan	Buffalo	Asia 1	FMDV	Asia1/PAK/ICT/178-2/2012_pro		8171
OM471624.1	2012	Pakistan	Buffalo	Asia 1	FMDV	Asia1/PAK/ICT/183-2/2012_pro		8196
OM471626.1	2012	Pakistan	Buffalo	Asia 1	FMDV	Asia1/PAK/ICT/184-2/2012_pro		8172
OM471631.1	2012	Pakistan	Buffalo	Asia 1	FMDV	Asia1/PAK/ICT/189-2/2012_pro		8170
OM471634.1	2012	Pakistan	Buffalo	Asia 1	FMDV	Asia1/PAK/ICT/192-2/2012_pro		8199
OM471620.1	2012	Pakistan	Buffalo	Asia 1	FMDV	Asia1/PAK/ICT/178-3/2012_pro		8195
OM471627.1	2012	Pakistan	Buffalo	Asia 1	FMDV	Asia1/PAK/ICT/184-3/2012_pro		8167
OM471629.1	2012	Pakistan	Buffalo	Asia 1	FMDV	Asia1/PAK/ICT/185-3/2012_pro		8187
OM471632.1	2012	Pakistan	Buffalo	Asia 1	FMDV	Asia1/PAK/ICT/189-3/2012_pro		8182
OM471635.1	2012	Pakistan	Buffalo	Asia 1	FMDV	Asia1/PAK/ICT/192-3/2012_pro		8195
OM471657.1	2012	Pakistan	Buffalo	Asia 1	FMDV	Asia1/PAK/ICT/284-3/2012_pro		8183
OM471615.1	2012	Pakistan	Buffalo	Asia 1	FMDV	Asia1/PAK/ICT/147-4/2012_pro		8162
OM456139.1	2011	Pakistan	Buffalo	O	FMDV	O/PAK/KCH/34/2011		8157
OM456140.1	2011	Pakistan	Buffalo	O	FMDV	O/PAK/KCH/38/2011		8158
OM456141.1	2011	Pakistan	Buffalo	O	FMDV	O/PAK/KCH/39/2011		8155
OM456142.1	2011	Pakistan	Buffalo	O	FMDV	O/PAK/KCH/41/2011		8158
OM456136.1	2012	Pakistan	Buffalo	O	FMDV	O/PAK/ICT/254/2012		8167
OM456143.1	2012	Pakistan	Buffalo	O	FMDV	O/PAK/NSH/1/2012		8154
OM456148.1	2012	Pakistan	Buffalo	O	FMDV	O/PAK/SGD/168/2012		8155
OM456128.1	2012	Pakistan	Buffalo	O	FMDV	O/PAK/ICT/161-1/2012_pro		8148
OM456130.1	2012	Pakistan	Buffalo	O	FMDV	O/PAK/ICT/166-1/2012_pro		8148
OM456131.1	2012	Pakistan	Buffalo	O	FMDV	O/PAK/ICT/245-1/2012_pro		8151
OM456132.1	2012	Pakistan	Buffalo	O	FMDV	O/PAK/ICT/272-1/2012_pro		8152
OM456129.1	2012	Pakistan	Buffalo	O	FMDV	O/PAK/ICT/161-2/2012_pro		8143
MG983707.1	2012	Nepal	Buffalo	O	FMDV	NEP/6/2012		8188
MG983710.1	2012	Nepal	Buffalo	O	FMDV	NEP/21/2012		8180
KJ825809.1	2013	India	Buffalo	O	FMDV	IND250(541)/2013		8200
OK422491.1	2013	India	Buffalo	O	FMDV	FMDV/Goat/India/2013/Shahjadpur/P0		8201
OK422489.1	2013	India	Buffalo	O	FMDV	FMDV/Goat/India/2013/Shahjadpur/P50-KO		8201
MG983734.1	2014	Sri Lanka	Buffalo	O	FMDV	SRL/30/2014		8175
MH784404.1	2017	Pakistan	Buffalo	O	FMDV	PAK/4/2017		8194
OK318546.1	2017	Viet Nam	Buffalo	O	FMDV	O/VIT/1BK-P249/2017_pro		8179
OK318548.1	2017	Viet Nam	Buffalo	O	FMDV	O/VIT/BK4-P5/2017_pro		8190
ON868557.1	2018	Viet Nam	Buffalo	O	FMDV	O/VIT/18-11786/2018		8124
ON868563.1	2018	Viet Nam	Buffalo	O	FMDV	O/VIT/BK-P100-1/2018_pro		8169
ON868569.1	2018	Viet Nam	Buffalo	O	FMDV	O/VIT/BK-P101-1B/2018_pro		8170
OK318526.1	2018	Viet Nam	Buffalo	O	FMDV	O/VIT/18F258/2018		8174
MT340224.1	2018	Viet Nam	Buffalo	O	FMDV	A/VIT/BK-P181-3/2018_pro		8189
PV524761.1	2012	Egypt	Buffalo	SAT 2	FMDV	EGY/17/2012		8114
MT944980.1	2016	Iran	Dog	O	FMDV	O/IRN/9/2016		8139
MT944981.1	2016	Iran	Dog	O	FMDV	O/IRN/9/2016		8195
MT944982.1	2016	Iran	Goat	O	FMDV	O/IRN/16/2016		8172
MT944983.1	2016	Iran	Goat	O	FMDV	O/IRN/16/2016		8192
OK318518.1	2018	Viet Nam	Goat	O	FMDV	O/VIT/18-22002/2018		8164
PQ768011.1	2012	India	cattle	A	FMDV	A/IND113(213)/2012		8183
OM455479.1	2012	Pakistan	cattle	A	FMDV	A/PAK/FSD/4/2012		8177
OM455483.1	2012	Pakistan	cattle	A	FMDV	A/PAK/PSH/34/2012		8177
KJ608371.1	2013	Viet Nam	cattle	A	FMDV		A/VN/T11D/2013	8229
MG725872.1	2013	Nigeria	cattle	A	FMDV	A/NIG/1/13		8126
MG725873.1	2015	Nigeria	cattle	A	FMDV	A/NIG/1/15		8129
MG725874.1	2015	Nigeria	cattle	A	FMDV	A/NIG/3/15		8135
MG725875.1	2015	Nigeria	cattle	A	FMDV	A/NIG/5/15		8126
MG725876.1	2015	Nigeria	cattle	A	FMDV	A/NIG/6/15		8126
OQ745961.1	2016	Thailand	cattle	A	FMDV	A/TAI/NP05/2016		8216
OP136971.1	2016	Uganda	cattle	A	FMDV	V04661(a)		8132
MN227144.1	2011	India	cattle	A	FMDV	PD68/2011		8199
PQ768010.1	2011	India	cattle	A	FMDV	A/IND84(202)/2011		8187
OM863580.1	2012	Egypt	cattle	A	FMDV	EGY/18/2012		8167
PQ768014.1	2012	India	cattle	A	FMDV	A/IND270(616)/2012		8189
PQ768013.1	2012	India	cattle	A	FMDV	A/IND264(605)/2012		8185
PQ768015.1	2012	India	cattle	A	FMDV	A/IND307(663)/2012		8187
PQ768016.1	2012	India	cattle	A	FMDV	A/IND404(828)/2012		8186
OM863581.1	2012	Kenya	cattle	A	FMDV	KEN/5/2012		8215
KM268896.1	2013	Turkey	cattle	A	FMDV	TUR/11/2013		8211
PQ768018.1	2013	India	cattle	A	FMDV	A/IND153(332)/2013		8188
PQ768017.1	2013	India	cattle	A	FMDV	A/IND107(199)/2013		8188
KY322676.1	2013	Malaysia	cattle	A	FMDV	MAY/12/2013		8196
KY322680.1	2013	Viet Nam	cattle	A	FMDV	VIT/42/2013		8158
KY322677.1	2013	Malaysia	cattle	A	FMDV	MAY/20/2013		8193
KJ754939.1	2013	Bangladesh	cattle	A	FMDV	BAN_GA_Sa-197_2013		8220
KY322678.1	2013	Malaysia	cattle	A	FMDV	MAY/23/2013		8196
KY322679.1	2014	Thailand	cattle	A	FMDV	TAI/4/2014		8188
KY322675.1	2014	Laos	cattle	A	FMDV	LAO/3/2014		8194
KU127247.1	2015	Saudi Arabia	cattle	A	FMDV	SAU/1/2015		8197
PV524752.1	2015	Iran	cattle	A	FMDV	IRN/24/2015		8057
MK088171.1	2016	Bangladesh	cattle	A	FMDV	BAN/CH/Sa-304/2016		8221
OK318499.1	2016	Viet Nam	cattle	A	FMDV	A/VIT/16-20280/2016		8157
MN116688.1	2016	Kenya	cattle	A	FMDV		KEN/K74/2016	8168
MK940253.1	2017	Saudi Arabia	cattle	A	FMDV	Saudi Arabia/Alkharj1/2017		8197
MG913340.1	2017	Algeria	cattle	A	FMDV	ALG/1/2017		8119
PV524758.1	2017	Viet Nam	cattle	A	FMDV	VIT/19/2017		8249
OK318500.1	2017	Viet Nam	cattle	A	FMDV	A/VIT/DL-P087-1/2017_pro		8160
ON868621.1	2017	Viet Nam	cattle	A	FMDV	A/VIT/DT-P057-3/2017_pro		8174
MT602077.1	2018	Ethiopia	cattle	A	FMDV	ETH/2/2018		8158
MT602079.1	2018	Sudan	cattle	A	FMDV	SUD/9/2018		8093
MT602080.1	2019	Uganda	cattle	A	FMDV	UGA/28/2019		8160
OK318506.1	2019	Viet Nam	cattle	A	FMDV	A/VIT/LAP03-05/2019_pro		8182
OK318507.1	2019	Viet Nam	cattle	A	FMDV	A/VIT/LAP03-06/2019_pro		8183
OK318508.1	2019	Viet Nam	cattle	A	FMDV	A/VIT/LAP04-11/2019_pro		8182
OK318509.1	2019	Viet Nam	cattle	A	FMDV	A/VIT/LAP04-12/2019_pro		8185
OK318510.1	2019	Viet Nam	cattle	A	FMDV	A/VIT/TNP04-029/2019_pro		8183
MT602078.1	2019	Ethiopia	cattle	A	FMDV	ETH/19/2019		8120
OK318502.1	2019	Viet Nam	cattle	A	FMDV	A/VIT/DT-P-73-3/2019_pro		8180
OK318504.1	2019	Viet Nam	cattle	A	FMDV	A/VIT/DT-P-76-3/2019_pro		8180
OK318501.1	2019	Viet Nam	cattle	A	FMDV	A/VIT/DT-P21-4/2019_pro		8181
OK318503.1	2019	Viet Nam	cattle	A	FMDV	A/VIT/DT-P73-4/2019_pro		8177
OK318505.1	2019	Viet Nam	cattle	A	FMDV	A/VIT/DT-P83-4/2019_pro		8184
PV524756.1	2020	Pakistan	cattle	A	FMDV	PAK/1/2020		8198
PQ662942.1	2020	Nigeria	cattle	A	FMDV	A/KD/KGR/01/2020		8118
PQ662943.1	2020	Nigeria	cattle	A	FMDV	A/KD/KGR/03/2020		8104
PQ662944.1	2020	Nigeria	cattle	A	FMDV	A/KD/KGR/07/2020		8102
PQ662945.1	2020	Nigeria	cattle	A	FMDV	A/KD/KGR/08/2020		8097
PQ662946.1	2020	Nigeria	cattle	A	FMDV	A/KD/KGR/09/2020		8105
PQ662947.1	2020	Nigeria	cattle	A	FMDV	A/KD/KGR/10/2020		8115
PV524755.1	2020	Nigeria	cattle	A	FMDV	NIG/87/2020		8119
PQ474236.1	2013	Russia	cattle	A	FMDV	A-2182/Zabaykalsky/2013	A-2182	8259
PQ474240.1	2013	Russia	cattle	A	FMDV	A-2167/Karachay-Cherkessia/2013	A-2167	8129
PQ474239.1	2013	Russia	cattle	A	FMDV	A-2169/Krasnodar/2013	A-2169	8178
PQ474238.1	2013	Russia	cattle	A	FMDV	A-2170/Amursky/2013	A-2170	8275
PQ474237.1	2013	Russia	cattle	A	FMDV	A-2171/Kabardino-Balkaria/2013	A-2171	8232
PQ474235.1	2014	Russia	cattle	A	FMDV	A-2203/Zabaykalsky/2014	A-2203	8181
PQ474234.1	2014	Russia	cattle	A	FMDV	A-2225/Zabaykalsky/2014	A-2225	8126
PQ768019.1	2019	India	cattle	A	FMDV	A/IC69/2019		8142
OM471659.1	2012	Pakistan	cattle	Asia 1	FMDV	Asia1/PAK/FSD/85/2012		8172
OM471661.1	2012	Pakistan	cattle	Asia 1	FMDV	Asia1/PAK/JHG/5/2012		8166
OM471662.1	2012	Pakistan	cattle	Asia 1	FMDV	Asia1/PAK/KCH/16/2012		8162
OM471663.1	2012	Pakistan	cattle	Asia 1	FMDV	Asia1/PAK/KCH/17/2012		8175
OM471668.1	2012	Pakistan	cattle	Asia 1	FMDV	Asia1/PAK/KHT/9/2012		8163
OM471669.1	2012	Pakistan	cattle	Asia 1	FMDV	Asia1/PAK/MRD/66/2012		8162
OM471671.1	2012	Pakistan	cattle	Asia 1	FMDV	Asia1/PAK/RYK/280/2012		8168
OM471672.1	2012	Pakistan	cattle	Asia 1	FMDV	Asia1/PAK/RYK/283/2012		8173
OM471673.1	2012	Pakistan	cattle	Asia 1	FMDV	Asia1/PAK/RYK/287/2012		8162
OM471679.1	2012	Pakistan	cattle	Asia 1	FMDV	Asia1/PAK/SGD/170/2012		8168
OM471678.1	2012	Pakistan	cattle	Asia 1	FMDV	Asia1/PAK/SGD/171/2012		8169
MN853346.1	2017	Iran	cattle	Asia 1	FMDV	UT FMD Shimi		8196
KM268898.1	2013	Turkey	cattle	Asia 1	FMDV	TUR/13/2013		8201
MF782478.1	2013	Bangladesh	cattle	Asia 1	FMDV	BAN/TA/Ma-167/2013		8198
OM471674.1	2011	Pakistan	cattle	Asia 1	FMDV	Asia1/PAK/SGD/22/2011		8165
OM471675.1	2011	Pakistan	cattle	Asia 1	FMDV	Asia1/PAK/SGD/23/2011		8162
OM471676.1	2011	Pakistan	cattle	Asia 1	FMDV	Asia1/PAK/SGD/25/2011		8166
MN366244.1	2018	Bangladesh	cattle	Asia 1	FMDV	BAN/DH/Sa-318/2018		8197
OM456147.1	2011	Pakistan	cattle	O	FMDV	O/PAK/SGD/19/2011		8156
OM456133.1	2012	Pakistan	cattle	O	FMDV	O/PAK/CKL/274/2012		8155
OM456134.1	2012	Pakistan	cattle	O	FMDV	O/PAK/FSD/262/2012		8155
OM456135.1	2012	Pakistan	cattle	O	FMDV	O/PAK/FSD/263/2012		8155
OM456137.1	2012	Pakistan	cattle	O	FMDV	O/PAK/JHG/6/2012		8157
OM456149.1	2012	Pakistan	cattle	O	FMDV	O/PAK/SGD/176/2012		8155
MN095356.1	2013	India	cattle	O	FMDV	O/IND/349(735)/2013		8181
MN095357.1	2013	India	cattle	O	FMDV	O/IND/349(740)/2013		8195
MN095354.1	2013	India	cattle	O	FMDV	O/IND/394(826)/2013		8193
MN095355.1	2013	India	cattle	O	FMDV	O/IND/424(891)/2013		8191
MN095364.1	2014	India	cattle	O	FMDV	O/IND/32(69)/2014		8191
MN095365.1	2014	India	cattle	O	FMDV	O/IND/32(73)/2014		8190
ON784046.1	2015	Uganda	cattle	O	FMDV	V04666		8060
KF112888.1	2011	North Korea	cattle	O	FMDV	DRK/31/2011		8189
JX040500.1	2011	Turkey	cattle	O	FMDV	TUR/27/2011		8194
JX066664.1	2011	Bulgaria	cattle	O	FMDV	12LPN1		8194
JX040499.1	2011	Turkey	cattle	O	FMDV	TUR/8/2011		8194
JX066665.1	2011	Bulgaria	cattle	O	FMDV	12LPN3		8194
JX040501.1	2011	Israel	cattle	O	FMDV	ISR/2/2011		8194
JX040486.1	2011	Bulgaria	cattle	O	FMDV	BUL/11/2011		8194
JX040487.1	2011	Bulgaria	cattle	O	FMDV	BUL/20/2011		8194
JX040488.1	2011	Bulgaria	cattle	O	FMDV	BUL/26/2011		8194
JX040489.1	2011	Bulgaria	cattle	O	FMDV	BUL/30/2011		8194
JX040490.1	2011	Bulgaria	cattle	O	FMDV	BUL/32/2011		8194
MG983689.1	2012	Bhutan	cattle	O	FMDV	BHU/12/2012		8181
MG983708.1	2012	Nepal	cattle	O	FMDV	NEP/10/2012		8206
MG983709.1	2012	Nepal	cattle	O	FMDV	NEP/13/2012		8179
KM268895.1	2013	Turkey	cattle	O	FMDV	TUR/12/2013		8215
KJ206908.1	2013	Bhutan	cattle	O	FMDV	BHU/1/2013		8165
KJ825803.1	2013	India	cattle	O	FMDV	IND139(302)/2013		8178
KJ825808.1	2013	India	cattle	O	FMDV	IND141(306)/2013		8201
KJ825801.1	2013	India	cattle	O	FMDV	IND142(310)/2013		8199
KJ825802.1	2013	India	cattle	O	FMDV	IND142(311)/2013		8197
MK071699.1	2013	Bangladesh	cattle	O	FMDV	BAN/BO/Na-161/2013		8221
KF985189.1	2013	Bangladesh	cattle	O	FMDV	BAN/NA/Ha-156/2013		8131
KY322670.1	2013	Laos	cattle	O	FMDV	LAO/1/2013		8193
KJ206910.1	2013	Saudi Arabia	cattle	O	FMDV	SAU/3/2013		8160
MG983721.1	2013	Saudi Arabia	cattle	O	FMDV	SAU/1/2013		8183
MG983722.1	2013	Saudi Arabia	cattle	O	FMDV	SAU/4/2013		8184
KJ206909.1	2013	Libya	cattle	O	FMDV	LIB/2/2013		8159
MG983694.1	2013	Libya	cattle	O	FMDV	LIB/1/2013		8180
MG983695.1	2013	Libya	cattle	O	FMDV	LIB/7/2013		8190
KJ825804.1	2013	India	cattle	O	FMDV	IND298(634)/2013		8200
MG983696.1	2013	Libya	cattle	O	FMDV	LIB/17/2013		8205
KJ825805.1	2013	India	cattle	O	FMDV	IND341(707)/2013		8199
MN095358.1	2013	India	cattle	O	FMDV	O/IND/MUK307/2013		8169
MN095359.1	2013	India	cattle	O	FMDV	O/IND/MUK359/2013		8171
MN095360.1	2013	India	cattle	O	FMDV	O/IND/MUK456/2013		8182
MN095361.1	2013	India	cattle	O	FMDV	O/IND/MUK561/2013		8162
MN095362.1	2013	India	cattle	O	FMDV	O/IND/MUK564/2013		8186
MN095363.1	2013	India	cattle	O	FMDV	O/IND/MUK567/2013		8162
MG983711.1	2013	Nepal	cattle	O	FMDV	NEP/6/2013		8176
MG983723.1	2013	Saudi Arabia	cattle	O	FMDV	SAU/6/2013		8186
MG983724.1	2013	Saudi Arabia	cattle	O	FMDV	SAU/7/2013		8173
KJ825806.1	2013	India	cattle	O	FMDV	IND811(1552)/2013		8200
MG983697.1	2013	Libya	cattle	O	FMDV	LIB/22/2013		8192
MG983731.1	2013	Sri Lanka	cattle	O	FMDV	SRL/1/2013		8177
MG983712.1	2013	Nepal	cattle	O	FMDV	NEP/16/2013		8189
MG983713.1	2013	Nepal	cattle	O	FMDV	NEP/17/2013		8190
MG983732.1	2014	Sri Lanka	cattle	O	FMDV	SRL/1/2014		8191
MG983715.1	2014	Nepal	cattle	O	FMDV	NEP/1/2014		8178
KJ825807.1	2014	India	cattle	O	FMDV	IND26(54)/2014		8200
MG983716.1	2014	Nepal	cattle	O	FMDV	NEP/6/2014		8185
MN095371.1	2014	India	cattle	O	FMDV	O/IND/C12230/2014		8169
MN095366.1	2014	India	cattle	O	FMDV	O/IND/C421/2014		8162
MN095367.1	2014	India	cattle	O	FMDV	O/IND/C5630/2014		8153
MN095368.1	2014	India	cattle	O	FMDV	O/IND/C5660/2014		8176
MN095369.1	2014	India	cattle	O	FMDV	O/IND/C6673/2014		8161
MN095370.1	2014	India	cattle	O	FMDV	O/IND/C6684/2014		8165
MG983725.1	2014	Saudi Arabia	cattle	O	FMDV	SAU/1/2014		8205
KY322671.1	2014	Malaysia	cattle	O	FMDV	MAY/2/2014		8195
KY322672.1	2014	Malaysia	cattle	O	FMDV	MAY/3/2014		8169
MN116693.1	2014	Kenya	cattle	O	FMDV	O/KEN/K60/2014		8158
MG983726.1	2014	Saudi Arabia	cattle	O	FMDV	SAU/4/2014		8208
OM160610.1	2014	Tunisia	cattle	O	FMDV		O/TUN/3/2014	8043
OM160611.1	2014	Tunisia	cattle	O	FMDV		O/TUN/5/2014	8046
OM160612.1	2014	Tunisia	cattle	O	FMDV		O/TUN/6/2014	8043
OM160613.1	2014	Tunisia	cattle	O	FMDV		O/TUN/7/2014	8043
OM160614.1	2014	Tunisia	cattle	O	FMDV		O/TUN/8/2014	8043
OM160615.1	2014	Tunisia	cattle	O	FMDV		O/TUN/9/2014	8043
KY322673.1	2014	Malaysia	cattle	O	FMDV	MAY/8/2014		8114
OM160616.1	2014	Tunisia	cattle	O	FMDV		O/TUN/10/2014	8042
OM160617.1	2014	Tunisia	cattle	O	FMDV		O/TUN/11/2014	8043
MG983733.1	2014	Sri Lanka	cattle	O	FMDV	SRL/28/2014		8182
OM160618.1	2014	Tunisia	cattle	O	FMDV		O/TUN/12/2014	8049
OM160619.1	2014	Tunisia	cattle	O	FMDV		O/TUN/13/2014	8043
MG983717.1	2015	Nepal	cattle	O	FMDV	NEP/3/2015		8174
MG983685.1	2015	Bahrain	cattle	O	FMDV	BAR/2/2015		8164
MT602081.1	2015	Ethiopia	cattle	O	FMDV	ETH/4/2015		8196
MG983686.1	2015	Bahrain	cattle	O	FMDV	BAR/15/2015		8181
PP916195.1	2015	Malaysia	cattle	O	FMDV	MAY/2/2015		8193
MG983740.1	2015	Viet Nam	cattle	O	FMDV	VIT/8/2015		8197
KU291242.1	2015	Morocco	cattle	O	FMDV	MOR/1/2015		8115
MG983718.1	2015	Nepal	cattle	O	FMDV	NEP/10/2015		8155
MG983719.1	2015	Nepal	cattle	O	FMDV	NEP/21/2015		8188
MG983727.1	2015	Saudi Arabia	cattle	O	FMDV	SAU/20/2015		8177
OK318551.1	2016	Viet Nam	cattle	O	FMDV	O/VIT/F16-09/2016		8181
OK019689.1	2016	Iran	cattle	O	FMDV	O2016		8185
MG983690.1	2016	Bhutan	cattle	O	FMDV	BHU/3/2016		8178
MG983728.1	2016	Saudi Arabia	cattle	O	FMDV	SAU/1/2016		8146
MG983738.1	2016	United Arab Emirates	cattle	O	FMDV	UAE/1/2016		8188
MG983739.1	2016	United Arab Emirates	cattle	O	FMDV	UAE/3/2016		8162
MG983729.1	2016	Saudi Arabia	cattle	O	FMDV	SAU/2/2016		8182
MT602082.1	2016	Ethiopia	cattle	O	FMDV	ETH/30/2016		8146
MN116694.1	2016	Kenya	cattle	O	FMDV	O/KEN/K19/2016		8152
MH784403.1	2016	Pakistan	cattle	O	FMDV	PAK/10/2016		8193
PP916196.1	2016	Malaysia	cattle	O	FMDV	MAY/7/2016		8157
MG983691.1	2016	Bhutan	cattle	O	FMDV	BHU/9/2016		8185
MG983703.1	2016	Myanmar	cattle	O	FMDV	MYA/3/2016		8195
PP916197.1	2016	Thailand	cattle	O	FMDV	TAI/34/2016		8161
MG983698.1	2016	Mauritius	cattle	O	FMDV	MUR/5/2016		8080
MG983699.1	2016	Mauritius	cattle	O	FMDV	MUR/9/2016		8109
MK088170.1	2016	Bangladesh	cattle	O	FMDV	BAN/TA/Dh-301/2016		8211
MG983700.1	2016	Mauritius	cattle	O	FMDV	MUR/19/2016		8104
MG983701.1	2016	Mauritius	cattle	O	FMDV	MUR/21/2016		8104
MG983702.1	2016	Mauritius	cattle	O	FMDV	MUR/23/2016		8127
MG983741.1	2016	Viet Nam	cattle	O	FMDV	VIT/20/2016		8206
PP916189.1	2016	Nepal	cattle	O	FMDV	NEP/27/2016		8175
PP916190.1	2016	Nepal	cattle	O	FMDV	NEP/33/2016		8187
MG983720.1	2016	Russia	cattle	O	FMDV	Zabaikalskiy/1/RUS/2016		8212
PP916191.1	2017	Nepal	cattle	O	FMDV	NEP/1/2017		8183
MG983730.1	2017	South Korea	cattle	O	FMDV	SKR/1/2017		8203
PP873338.1	2017	South Korea	cattle	O	FMDV	SKR/BE/2017		8154
PP873339.1	2017	South Korea	cattle	O	FMDV	SKR/JE/2017		8154
MH784405.1	2017	Pakistan	cattle	O	FMDV	PAK/14/2017		8197
ON868579.1	2017	Viet Nam	cattle	O	FMDV	O/VIT/17-15223/2017		8190
ON868580.1	2017	Viet Nam	cattle	O	FMDV	O/VIT/DL-P44-1/2017_pro		8190
OK318549.1	2017	Viet Nam	cattle	O	FMDV	O/VIT/DL-P24-1/2017_pro		8190
OK318550.1	2017	Viet Nam	cattle	O	FMDV	O/VIT/DL-P44-1/2017_pro		8189
ON868586.1	2017	Viet Nam	cattle	O	FMDV	O/VIT/DT-P115-2/2017_pro		8177
OK318547.1	2017	Viet Nam	cattle	O	FMDV	O/VIT/BK3-P158/2017_pro		8189
ON868587.1	2017	Viet Nam	cattle	O	FMDV	O/VIT/DT-P037-3/2017_pro		8173
ON868584.1	2017	Viet Nam	cattle	O	FMDV	O/VIT/DT-P052-3/2017_pro		8175
ON868523.1	2017	Viet Nam	cattle	O	FMDV	O/VIT/DT-P111-3/2017_pro		8140
ON868519.1	2017	Viet Nam	cattle	O	FMDV	O/VIT/DT-P115-3/2017_pro		8172
ON868522.1	2017	Viet Nam	cattle	O	FMDV	O/VIT/DT-P115-4/2017_pro		8166
ON868520.1	2017	Viet Nam	cattle	O	FMDV	O/VIT/DT-P119-4/2017_pro		8161
ON868549.1	2018	Viet Nam	cattle	O	FMDV	O/VIT/18-2570/2018		8151
MT602084.1	2018	Kenya	cattle	O	FMDV	KEN/4/2018		8197
ON868582.1	2018	Viet Nam	cattle	O	FMDV	O/VIT/LA-P06-10/2018_pro		8178
ON868581.1	2018	Viet Nam	cattle	O	FMDV	O/VIT/LA-P09-10/2018_pro		8178
OK318514.1	2018	Viet Nam	cattle	O	FMDV	O/VIT/18-5482/2018		8169
ON868571.1	2018	Viet Nam	cattle	O	FMDV	O/VIT/TN-P04-11/2018_pro		8181
ON868524.1	2018	Viet Nam	cattle	O	FMDV	O/VIT/TN-P13-11/2018_pro		8169
ON868539.1	2018	Viet Nam	cattle	O	FMDV	O/VIT/TN-P20-11/2018_pro		8175
ON868536.1	2018	Viet Nam	cattle	O	FMDV	O/VIT/TN-P26-11/2018_pro		8175
ON868538.1	2018	Viet Nam	cattle	O	FMDV	O/VIT/LA-P12-11/2018_pro		8169
ON868526.1	2018	Viet Nam	cattle	O	FMDV	O/VIT/LA-P13-11/2018_pro		8154
ON868548.1	2018	Viet Nam	cattle	O	FMDV	O/VIT/TN-P29-13/2018_pro		8175
OK318516.1	2018	Viet Nam	cattle	O	FMDV	O/VIT/18-8353/2018		8171
ON868566.1	2018	Viet Nam	cattle	O	FMDV	O/VIT/LA-P17-13/2018_pro		8166
ON868547.1	2018	Viet Nam	cattle	O	FMDV	O/VIT/18-9129/2018		8166
ON868564.1	2018	Viet Nam	cattle	O	FMDV	O/VIT/TN-P20-14/2018_pro		8181
PV524741.1	2018	Cambodia	cattle	O	FMDV	CAM/3/2018		8178
ON868527.1	2018	Viet Nam	cattle	O	FMDV	O/VIT/LA-P01-15/2018_pro		8172
ON868529.1	2018	Viet Nam	cattle	O	FMDV	O/VIT/LA-P02-15/2018_pro		8169
ON868560.1	2018	Viet Nam	cattle	O	FMDV	O/VIT/LA-P09-15/2018_pro		8166
ON868568.1	2018	Viet Nam	cattle	O	FMDV	O/VIT/LA-P29-16/2018_pro		8169
ON868545.1	2018	Viet Nam	cattle	O	FMDV	O/VIT/TN-P01-16/2018_pro		8169
ON868551.1	2018	Viet Nam	cattle	O	FMDV	O/VIT/TN-P06-16/2018_pro		8169
ON868555.1	2018	Viet Nam	cattle	O	FMDV	O/VIT/TN-P09-16/2018_pro		8103
OK318517.1	2018	Viet Nam	cattle	O	FMDV	O/VIT/18-13553/2018		8169
OK318545.1	2018	Viet Nam	cattle	O	FMDV	O/VIT/DT-P-108-2/2018_pro		8188
OK318544.1	2018	Viet Nam	cattle	O	FMDV	O/VIT/DT-P-69-2/2018_pro		8191
ON868574.1	2018	Viet Nam	cattle	O	FMDV	O/VIT/BK-P159-3/2018_pro		8183
OK318519.1	2018	Viet Nam	cattle	O	FMDV	O/VIT/18-23392/2018		8064
OK318536.1	2018	Viet Nam	cattle	O	FMDV	O/VIT/19-728/2019		8161
MN953619.1	2019	Pakistan	cattle	O	FMDV	PAK/1/2019		8187
PQ654488.1	2019	Sri Lanka	cattle	O	FMDV	SRL/1/2019		8223
MN953620.1	2019	Pakistan	cattle	O	FMDV	PAK/2/2019		8187
PP873344.1	2019	South Korea	cattle	O	FMDV	O/SKR/AS/LHM/2019		8152
PP873340.1	2019	South Korea	cattle	O	FMDV	O/SKR/AS/HHS/2019		8152
PP873342.1	2019	South Korea	cattle	O	FMDV	O/SKR/AS/JGJ/2019		8152
PP873343.1	2019	South Korea	cattle	O	FMDV	O/SKR/AS/JGJ2/2019		8152
PP873341.1	2019	South Korea	cattle	O	FMDV	O/SKR/CJ/KIH/2019		8152
PQ654489.1	2019	Sri Lanka	cattle	O	FMDV	SRL/2/2019		8193
ON868565.1	2019	Viet Nam	cattle	O	FMDV	O/VIT/LAP03-13/2019_pro		8171
ON868553.1	2019	Viet Nam	cattle	O	FMDV	O/VIT/LAP03-20/2019_pro		8171
ON868561.1	2019	Viet Nam	cattle	O	FMDV	O/VIT/LAP03-21/2019_pro		8160
ON868556.1	2019	Viet Nam	cattle	O	FMDV	O/VIT/LAP03-23/2019_pro		8170
MT602083.1	2019	Ethiopia	cattle	O	FMDV	ETH/9/2019		8134
ON868562.1	2019	Viet Nam	cattle	O	FMDV	O/VIT/DT-P-28-3/2019_pro		8172
ON868572.1	2019	Viet Nam	cattle	O	FMDV	O/VIT/DT-P-31-3/2019_pro		8169
ON868558.1	2019	Viet Nam	cattle	O	FMDV	O/VIT/DT-P28-4/2019_pro		8170
ON868578.1	2019	Viet Nam	cattle	O	FMDV	O/VIT/DT-P31-4/2019_pro		8171
PP916192.1	2019	Sri Lanka	cattle	O	FMDV	SRL/14/2019		8210
PP916198.1	2019	Viet Nam	cattle	O	FMDV	VIT/31/2019		8159
PQ153285.1	2020	Pakistan	cattle	O	FMDV	PAK/3/2020		8221
PP916193.1	2020	Viet Nam	cattle	O	FMDV	VIT/13/2020		8194
KY234501.1	2011	China	cattle	O	FMDV		O/CHA/7/2011	8232
MF461724.1	2017	China	cattle	O	FMDV	O/XJ/CHA/2017		8211
MT340197.1	2017	Viet Nam	cattle	OTHER	FMDV	A/VIT/17-11648/2017		8165
MT340198.1	2017	Viet Nam	cattle	OTHER	FMDV	A/VIT/17-13002/2017		8165
MT340199.1	2017	Viet Nam	cattle	OTHER	FMDV	A/VIT/DL-P087-1/2017_pro		8166
MT340200.1	2017	Viet Nam	cattle	OTHER	FMDV	A/VIT/DL-P094-1/2017_pro		8164
MT340201.1	2017	Viet Nam	cattle	OTHER	FMDV	A/VIT/DL-P181-1/2017_pro		8166
MT340202.1	2017	Viet Nam	cattle	OTHER	FMDV	A/VIT/DL-P257-1/2017_pro		8163
MT340203.1	2017	Viet Nam	cattle	OTHER	FMDV	A/VIT/DL-P271-1/2017_pro		8165
MT340225.1	2018	Viet Nam	cattle	OTHER	FMDV	A/VIT/LA-P12-10/2018_pro		8163
MT340209.1	2018	Viet Nam	cattle	OTHER	FMDV	A/VIT/DL-P-106-1/2018_pro		8165
MT340204.1	2018	Viet Nam	cattle	OTHER	FMDV	A/VIT/DL-P-60-1/2018_pro		8166
MT340205.1	2018	Viet Nam	cattle	OTHER	FMDV	A/VIT/DL-P-95-cu-1/2018_pro		8166
MT340206.1	2018	Viet Nam	cattle	OTHER	FMDV	A/VIT/DL-P-96-1/2018_pro		8165
MT340211.1	2018	Viet Nam	cattle	OTHER	FMDV	A/VIT/DL-P-186-1/2018_pro		8165
MT340213.1	2018	Viet Nam	cattle	OTHER	FMDV	A/VIT/DL-P-189-1/2018_pro		8166
MT340214.1	2018	Viet Nam	cattle	OTHER	FMDV	A/VIT/DL-P-194-1/2018_pro		8164
MT340215.1	2018	Viet Nam	cattle	OTHER	FMDV	A/VIT/DL-P-293-1/2018_pro		8162
MT340210.1	2018	Viet Nam	cattle	OTHER	FMDV	A/VIT/DL-P-106-2/2018_pro		8165
MT340217.1	2018	Viet Nam	cattle	OTHER	FMDV	A/VIT/DL-P-193-2/2018_pro		8161
MT340216.1	2018	Viet Nam	cattle	OTHER	FMDV	A/VIT/DL-P-90-2/2018_pro		8154
MT340207.1	2018	Viet Nam	cattle	OTHER	FMDV	A/VIT/DL-P-96-2/2018_pro		8165
MT340219.1	2018	Viet Nam	cattle	OTHER	FMDV	A/VIT/DL-P-164-4/2018_pro		8172
MT340212.1	2018	Viet Nam	cattle	OTHER	FMDV	A/VIT/DL-P-186-3/2018_pro		8165
MT340218.1	2018	Viet Nam	cattle	OTHER	FMDV	A/VIT/DL-P-193-4/2018_pro		8175
MT340208.1	2018	Viet Nam	cattle	OTHER	FMDV	A/VIT/DL-P-96-3/2018_pro		8172
MT340220.1	2018	Viet Nam	cattle	OTHER	FMDV	A/VIT/DL-P-73-4/2018_pro		8184
MT340221.1	2018	Viet Nam	cattle	OTHER	FMDV	A/VIT/DL-P-87-4/2018_pro		8174
MT340222.1	2019	Viet Nam	cattle	OTHER	FMDV	A/VIT/DL-P-492-1/2019_pro		8180
MT340223.1	2019	Viet Nam	cattle	OTHER	FMDV	A/VIT/DL-P-605-2/2019_pro		8189
KM268899.1	2012	Tanzania	cattle	SAT 1	FMDV	TAN/22/2012		8156
MN116689.1	2014	Kenya	cattle	SAT 1	FMDV	SAT1/KEN/K14/2014		8131
MN116690.1	2014	Kenya	cattle	SAT 1	FMDV	SAT1/KEN/K29/2014		8133
MN275118.1	2016	Cameroon	cattle	SAT 1	FMDV	SAT1/CAR/154/2016		8166
MN275119.1	2016	Cameroon	cattle	SAT 1	FMDV	SAT1/CAR/171/2016		8185
MN275120.1	2016	Cameroon	cattle	SAT 1	FMDV	SAT1/CAR/2101/2016		8179
MN275121.1	2016	Cameroon	cattle	SAT 1	FMDV	SAT1/CAR/2186/2016		8185
MN116691.1	2016	Kenya	cattle	SAT 1	FMDV	SAT1/KEN/K75/2016		8141
KM268900.1	2012	Tanzania	cattle	SAT 2	FMDV	TAN/5/2012		8153
JX014256.1	2012	Gaza Strip	cattle	SAT 2	FMDV	PAT/1/2012		8133
MN116692.1	2014	Kenya	cattle	SAT 2	FMDV	SAT2/KEN/K137/2014		8151
KJ820999.1	2013	Uganda	cattle	SAT 3	FMDV		UGA/1/13	8203
MT602086.1	2012	Tanzania	cattle	SAT 1	FMDV	TAN/27/2012		8153
PV524918.1	2012	Tanzania	cattle	SAT 1	FMDV	TAN/27/2012		8132
OM863583.1	2013	Kenya	cattle	SAT 1	FMDV	KEN/4/2013		8116
MT602085.1	2013	Kenya	cattle	SAT 1	FMDV	KEN/10/2013		8132
MT602087.1	2013	Tanzania	cattle	SAT 1	FMDV	TAN/22/2013		8164
MT602088.1	2014	Tanzania	cattle	SAT 1	FMDV	TAN/22/2014		8159
OM562601.1	2014	Kenya	cattle	SAT 1	FMDV		K14/Kenya/10Jan2014/SAT1	8131
OM562602.1	2014	Kenya	cattle	SAT 1	FMDV		K29/Kenya/29Jan2014/SAT1	8133
MF678823.1	2015	Nigeria	cattle	SAT 1	FMDV	SAT1/NIG/1/15		8214
MF678824.1	2015	Nigeria	cattle	SAT 1	FMDV	SAT1/NIG/2/15		8217
MF678825.1	2015	Nigeria	cattle	SAT 1	FMDV	SAT1/NIG/3/15		8215
MF678826.1	2015	Nigeria	cattle	SAT 1	FMDV	SAT1/NIG/4/15		8215
MN103523.1	2014	Nigeria	cattle	SAT 2	FMDV	SAT2/NIG/1/14		8091
MT602090.1	2015	Ethiopia	cattle	SAT 2	FMDV	ETH/16/2015		8003
PV524766.1	2017	Sudan	cattle	SAT 2	FMDV	SUD/12/2017		8006
MT602092.1	2017	Kenya	cattle	SAT 2	FMDV	KEN/19/2017		8124
MT602089.1	2018	Egypt	cattle	SAT 2	FMDV	EGY/1/2018		8149
MT602091.1	2018	Ethiopia	cattle	SAT 2	FMDV	ETH/11/2018		8125
PV524765.1	2020	Namibia	cattle	SAT 2	FMDV	NMB/1/2020		8158
ON557390.1	2015	Zambia	cattle	SAT 3	FMDV	ZAM/3/2015		8054
PV524768.1	2018	Zambia	cattle	SAT 3	FMDV	ZAM/9/2018		8154
MG983736.1	2014	United Arab Emirates	Gazella	O	FMDV	UAE/1/2014		8188
MG983737.1	2014	United Arab Emirates	Gazella	O	FMDV	UAE/2/2014		8182
PV524747.1	2017	Jordan	sheep	O	FMDV	JOR/2/2017		8193
KU360085.1	2015	China	Wild boar	Asia 1	FMDV		MDV HN/CHA/06	8236
KY444644.1	2013	Thailand	Wild boar	O	FMDV	G1_JP_0113/Ratchaburi/Thailand/2013		8187
KX162590.1	2014	South Korea	Wild boar	O	FMDV		O/SKR/JC/2014	8172
MH845413.2	2014	Viet Nam	Wild boar	O	FMDV		O/VN1/2014	8131
KY444647.1	2016	Thailand	Wild boar	O	FMDV	G12_1_SJSP_0416/Ratchaburi/Thailand/2016		8241
KY444646.1	2016	Thailand	Wild boar	O	FMDV	G12_SJSP_0416/Ratchaburi/Thailand/2016		8232
KY444645.1	2016	Thailand	Wild boar	O	FMDV	G60_CM_A_0116/ChiangMai/Thailand/2016		8209
KY444648.1	2016	Thailand	Wild boar	O	FMDV	G75_PC_A/0416/Ratchaburi/Thailand/2016		8241
KY444649.1	2016	Thailand	Wild boar	O	FMDV	G75_PC_B/0416/Ratchaburi/Thailand/2016		8243
PQ619438.1	2011	Bulgaria	Wild boar	O	FMDV	BUL/HS018-1/2011		8203
KU204894.1	2013	China	Wild boar	O	FMDV	GD/CHA/JH12/2013		8050
MG983714.1	2013	Nepal	Wild boar	O	FMDV	NEP/18/2013		8091
KY322674.1	2014	South Korea	Wild boar	O	FMDV	SKR/6/2014		8164
KX712091.1	2015	Bangladesh	Wild boar	O	FMDV	BAN/GO/Ka-236(Pig)/2015		8211
KY086465.1	2016	South Korea	Wild boar	O	FMDV		O/GJ/SKR/2016	8132
KY086466.1	2016	South Korea	Wild boar	O	FMDV		O/GC/SKR/2016	8136
ON868622.1	2017	Viet Nam	Wild boar	O	FMDV	O/VIT/17-17547/2017		8040
ON868623.1	2017	Viet Nam	Wild boar	O	FMDV	O/VIT/17-19073/2017		8099
MN250314.1	2017	Viet Nam	Wild boar	O	FMDV	O/VIT/17-19073/2017		8036
ON868542.1	2018	Viet Nam	Wild boar	O	FMDV	O/VIT/18-3334/2018		8118
OK318513.1	2018	Viet Nam	Wild boar	O	FMDV	O/VIT/18-3766/2018		8032
MN250315.1	2018	Viet Nam	Wild boar	O	FMDV	O/VIT/18-3766/2018		8032
OK318515.1	2018	Viet Nam	Wild boar	O	FMDV	O/VIT/18-5490/2018		8020
MN250316.1	2018	Viet Nam	Wild boar	O	FMDV	O/VIT/18-5490/2018		8020
ON868521.1	2018	Viet Nam	Wild boar	O	FMDV	O/VIT/18-5822/2018		8151
ON868528.1	2018	Viet Nam	Wild boar	O	FMDV	O/VIT/18-5835/2018		8145
OK318523.1	2018	Viet Nam	Wild boar	O	FMDV	O/VIT/18F207/2018		8168
OK318521.1	2018	Viet Nam	Wild boar	O	FMDV	O/VIT/18CD-1610.2/2018		8023
MN250317.1	2018	Viet Nam	Wild boar	O	FMDV	O/VIT/18CD-1610.2/2018		8023
OK318524.1	2018	Viet Nam	Wild boar	O	FMDV	O/VIT/18F219/2018		8116
OK318525.1	2018	Viet Nam	Wild boar	O	FMDV	O/VIT/18F223/2018		8119
ON868611.1	2018	Viet Nam	Wild boar	O	FMDV	O/VIT/18F261/2018		8168
ON868603.1	2018	Viet Nam	Wild boar	O	FMDV	O/VIT/18F238/2018		8177
PV524751.1	2018	Viet Nam	Wild boar	O	FMDV	VIT/47/2018		8180
ON868593.1	2018	Viet Nam	Wild boar	O	FMDV	O/VIT/18-27160/2018		8177
ON868598.1	2018	Viet Nam	Wild boar	O	FMDV	O/VIT/18-27409/2018		8176
OK318520.1	2018	Viet Nam	Wild boar	O	FMDV	O/VIT/18-28811/2018		8110
OK318527.1	2018	Viet Nam	Wild boar	O	FMDV	O/VIT/18F263/2018		8119
ON868596.1	2018	Viet Nam	Wild boar	O	FMDV	O/VIT/18CD-1933.1/2018		8179
OK318528.1	2018	Viet Nam	Wild boar	O	FMDV	O/VIT/18F268/2018		8113
ON868592.1	2018	Viet Nam	Wild boar	O	FMDV	O/VIT/18-962.1/2018		8179
ON868595.1	2018	Viet Nam	Wild boar	O	FMDV	O/VIT/18F271/2018		8121
OK318529.1	2018	Viet Nam	Wild boar	O	FMDV	O/VIT/18F274/2018		8118
OK318511.1	2018	Viet Nam	Wild boar	O	FMDV	O/VIT/02.CD/2018		8119
ON868616.1	2018	Viet Nam	Wild boar	O	FMDV	O/VIT/18-993.4/2018		8167
OK318530.1	2018	Viet Nam	Wild boar	O	FMDV	O/VIT/18F277/2018		8119
OK318531.1	2018	Viet Nam	Wild boar	O	FMDV	O/VIT/18F281/2018		8118
OK318512.1	2018	Viet Nam	Wild boar	O	FMDV	O/VIT/18-999/2018		8118
OK318522.1	2018	Viet Nam	Wild boar	O	FMDV	O/VIT/18CD-1987.1/2018		8120
ON868615.1	2018	Viet Nam	Wild boar	O	FMDV	O/VIT/18F287/2018		8179
ON868601.1	2018	Viet Nam	Wild boar	O	FMDV	O/VIT/18F289/2018		8129
OK318532.1	2018	Viet Nam	Wild boar	O	FMDV	O/VIT/18F291/2018		8118
ON868600.1	2018	Viet Nam	Wild boar	O	FMDV	O/VIT/18F292/2018		8130
ON868604.1	2018	Viet Nam	Wild boar	O	FMDV	O/VIT/18-1001.1/2018		8180
OK318534.1	2019	Viet Nam	Wild boar	O	FMDV	O/VIT/19-01.01/2019		8118
OK318533.1	2019	Viet Nam	Wild boar	O	FMDV	O/VIT/19-001/2019		8002
OK318542.1	2019	Viet Nam	Wild boar	O	FMDV	O/VIT/19F14/2019		8119
ON868613.1	2019	Viet Nam	Wild boar	O	FMDV	O/VIT/19F20/2019		8171
OK318537.1	2019	Viet Nam	Wild boar	O	FMDV	O/VIT/19-1438/2019		8119
ON868589.1	2019	Viet Nam	Wild boar	O	FMDV	O/VIT/19-1443/2019		8171
OK318543.1	2019	Viet Nam	Wild boar	O	FMDV	O/VIT/19F17/2019		8119
ON868602.1	2019	Viet Nam	Wild boar	O	FMDV	O/VIT/19F23/2019		8128
ON868590.1	2019	Viet Nam	Wild boar	O	FMDV	O/VIT/19-1446/2019		8167
OK318538.1	2019	Viet Nam	Wild boar	O	FMDV	O/VIT/19-1857/2019		8121
OK318535.1	2019	Viet Nam	Wild boar	O	FMDV	O/VIT/19-005/2019		8026
ON868607.1	2019	Viet Nam	Wild boar	O	FMDV	O/VIT/19F30/2019		8135
MN250318.1	2019	Viet Nam	Wild boar	O	FMDV	O/VIT/19-005/2019		8026
OK318539.1	2019	Viet Nam	Wild boar	O	FMDV	O/VIT/19-2248-A/2019		8118
OK318540.1	2019	Viet Nam	Wild boar	O	FMDV	O/VIT/19-2259/2019		8118
ON868606.1	2019	Viet Nam	Wild boar	O	FMDV	O/VIT/19F33/2019		8130
ON868599.1	2019	Viet Nam	Wild boar	O	FMDV	O/VIT/19F36/2019		8128
ON868608.1	2019	Viet Nam	Wild boar	O	FMDV	O/VIT/19F38/2019		8136
OK318541.1	2019	Viet Nam	Wild boar	O	FMDV	O/VIT/19-2266/2019		8086
ON868594.1	2019	Viet Nam	Wild boar	O	FMDV	O/VIT/19F43/2019		8126
ON868617.1	2019	Viet Nam	Wild boar	O	FMDV	O/VIT/19F-50/2019		8104
ON868619.1	2019	Viet Nam	Wild boar	O	FMDV	O/VIT/19F-48/2019		8116
ON868605.1	2019	Viet Nam	Wild boar	O	FMDV	O/VIT/19F-57/2019		8044
ON868612.1	2019	Viet Nam	Wild boar	O	FMDV	O/VIT/19F-63/2019		8146
ON868591.1	2019	Viet Nam	Wild boar	O	FMDV	O/VIT/19-4183/2019		8168
ON868552.1	2019	Viet Nam	Wild boar	O	FMDV	O/VIT/19-4196/2019		8170
ON868609.1	2019	Viet Nam	Wild boar	O	FMDV	O/VIT/19F-66/2019		8153
ON868610.1	2019	Viet Nam	Wild boar	O	FMDV	O/VIT/19F-69/2019		8168
ON868620.1	2019	Viet Nam	Wild boar	O	FMDV	O/VIT/19F-70/2019		8053
ON868614.1	2019	Viet Nam	Wild boar	O	FMDV	O/VIT/19-5849/2019		8128
ON868597.1	2019	Viet Nam	Wild boar	O	FMDV	O/VIT/19-6521/2019		8167
ON868618.1	2019	Viet Nam	Wild boar	O	FMDV	O/VIT/19-6734/2019		8168
PV524745.1	2019	Hong Kong	Wild boar	O	FMDV	HKN/1/2019		8170
KY234502.1	2015	China	Wild boar	O	FMDV		O/GD/CHA/2015	8138
KX534089.1	2016	South Korea	Wild boar	O	FMDV		O/SKR/GJ/2016	8191
LC868350.1	2025	Iraq	cattle	SAT 1	FMDV	THI-QAR9		8199
LC771233.1	2023	Iraq	Buffalo	A	FMDV	BASRAHB1		8126
PQ807429.1	2024	Bangladesh	Buffalo	Asia 1	FMDV	BAN/BLRI/SAU/EPH_236		8204
PQ153287.1	2021	Pakistan	Buffalo	O	FMDV	PAK/12/2021		8220
PQ807430.1	2024	Bangladesh	Buffalo	O	FMDV	BAN/BLRI/SAU/EPH_327		8213
PQ801122.1	2024	Bangladesh	Buffalo	O	FMDV	BAN/BLRI/SAU/EPH_82		8200
PV446528.1	2025	Germany	Buffalo	O	FMDV	O/GER/BB/1/2025		8214
LC897151.1	2023	Iraq	Buffalo	SAT 1	FMDV	Basrah-Buffalo1		8201
PP432645.1	2022	Iraq	Buffalo	SAT 2	FMDV	SAT2/IRQ/1/2022		8204
PP432646.1	2022	Iraq	Buffalo	SAT 2	FMDV	SAT2/IRQ/2/2022		8195
PP432650.1	2023	Iraq	Buffalo	SAT 2	FMDV	SAT2/IRQ/9/2023		8204
PQ654495.1	2021	United Arab Emirates	Goat	O	FMDV	UAE/10/2021		8232
PQ654496.1	2021	United Arab Emirates	Goat	O	FMDV	UAE/11/2021		8232
PQ654494.1	2021	United Arab Emirates	Goat	O	FMDV	UAE/9/2021		8232
PP587765.1	2023	Oman	Goat	O	FMDV	OMN/23Z001434/2023_276		8153
PX114616.1	2022	Egypt	cattle	A	FMDV	Egy/AHRI/A/MM-12/2022		8153
PX114608.1	2022	Egypt	cattle	A	FMDV	Egy/AHRI/A/MM-18/2022		8243
PX114609.1	2022	Egypt	cattle	A	FMDV	Egy/AHRI/A/MM-20/2022		8243
PX114610.1	2022	Egypt	cattle	A	FMDV	Egy/AHRI/A/MM-24/2022		8243
PX114617.1	2022	Egypt	cattle	A	FMDV	Egy/AHRI/A/MM-25/2022		8153
PV612390.2	2024	Bangladesh	cattle	A	FMDV	BDSH_01		8140
PX114611.1	2024	Egypt	cattle	A	FMDV	Egy/AHRI/A/MM-29/2024		8243
PX114612.1	2024	Egypt	cattle	A	FMDV	Egy/AHRI/A/MM-32/2024		8243
PX114613.1	2025	Egypt	cattle	A	FMDV	Egy/AHRI/A/MM-13/2025		8243
PX114615.1	2025	Egypt	cattle	A	FMDV	Egy/AHRI/A/MM-15/2025		8243
PX114614.1	2025	Egypt	cattle	A	FMDV	Egy/AHRI/A/MM-30/2025		8243
PV524754.1	2021	Nepal	cattle	A	FMDV	NEP/5/2021		8209
PV524753.1	2021	Kenya	cattle	A	FMDV	KEN/10/2021		8169
PQ768021.1	2021	India	cattle	A	FMDV	A/IC161/21		8184
PQ768020.1	2021	India	cattle	A	FMDV	A/IC370/21		8163
PV524757.1	2021	Pakistan	cattle	A	FMDV	PAK/30/2021		8208
PQ768022.1	2022	India	cattle	A	FMDV	A/IC195/22		8147
PV524759.1	2021	Pakistan	cattle	Asia 1	FMDV	PAK/47/2021		8190
PV524746.1	2021	Israel	cattle	O	FMDV	ISR/5/2021		8197
PV524742.1	2021	Democratic Republic of the Congo	cattle	O	FMDV	COD/43/2021		8117
PQ153286.1	2021	Pakistan	cattle	O	FMDV	PAK/9/2021		8220
PQ654490.1	2021	Nepal	cattle	O	FMDV	NEP/68/2021		8233
OP957418.1	2021	Bangladesh	cattle	O	FMDV	BAN/MY/My-466/2021		8216
PQ654491.1	2022	Nepal	cattle	O	FMDV	NEP/13/2022		8229
PQ654492.1	2022	Nepal	cattle	O	FMDV	NEP/26/2022		8232
OP585403.1	2022	Indonesia	cattle	O	FMDV	ISA/1/2022		8208
PP587766.1	2023	Oman	cattle	O	FMDV	OMN/23Z001436/2023_338		8144
PP587767.1	2023	Oman	cattle	O	FMDV	OMN/23Z001437/2023_339		8181
PP587768.1	2023	Oman	cattle	O	FMDV	OMN/23Z001438/2023_340		8170
PP587769.1	2023	Oman	cattle	O	FMDV	OMN/23Z001439/2023_341		8181
PP112252.1	2023	Jordan	cattle	SAT 2	FMDV	FMDV_WGS_01_SAT2/JOR/2023		8169
PP112253.1	2023	Jordan	cattle	SAT 2	FMDV	FMDV_WGS_02_SAT2/JOR/2023		8187
PP112254.1	2023	Jordan	cattle	SAT 2	FMDV	FMDV_WGS_03_SAT2/JOR/2023		8186
PP112255.1	2023	Jordan	cattle	SAT 2	FMDV	FMDV_WGS_04_SAT2/JOR/2023		8184
PP112256.1	2023	Jordan	cattle	SAT 2	FMDV	FMDV_WGS_05_SAT2/JOR/2023		8185
PP112257.1	2023	Jordan	cattle	SAT 2	FMDV	FMDV_WGS_06_SAT2/JOR/2023		8185
PP112258.1	2023	Jordan	cattle	SAT 2	FMDV	FMDV_WGS_07_SAT2/JOR/2023		8182
PP112259.1	2023	Jordan	cattle	SAT 2	FMDV	FMDV_WGS_08_SAT2/JOR/2023		8087
PP112260.1	2023	Jordan	cattle	SAT 2	FMDV	FMDV_WGS_09_SAT2/JOR/2023		8186
PP112261.1	2023	Jordan	cattle	SAT 2	FMDV	FMDV_WGS_10_SAT2/JOR/2023		8186
LC770123.1	2023	Iraq	cattle	SAT 1	FMDV	BASRAH1C		8188
PV524917.1	2023	Qatar	cattle	SAT 1	FMDV	QTR/4/2023		8141
LC917739.1	2025	Iraq	cattle	SAT 1	FMDV	Maysan 1		8201
LC917740.1	2025	Iraq	cattle	SAT 1	FMDV	Maysan 2		8201
LC917741.1	2025	Iraq	cattle	SAT 1	FMDV	Maysan 3		8201
LC917742.1	2025	Iraq	cattle	SAT 1	FMDV	Maysan 4		8201
LC917743.1	2025	Iraq	cattle	SAT 1	FMDV	Maysan 5		8201
LC917744.1	2025	Iraq	cattle	SAT 1	FMDV	Maysan 6		8201
LC868342.1	2025	Iraq	cattle	SAT 1	FMDV	THI-QAR1		8199
LC868343.1	2025	Iraq	cattle	SAT 1	FMDV	THI-QAR2		8199
LC868344.1	2025	Iraq	cattle	SAT 1	FMDV	THI-QAR3		8199
LC868345.1	2025	Iraq	cattle	SAT 1	FMDV	THI-QAR4		8199
LC868346.1	2025	Iraq	cattle	SAT 1	FMDV	THI-QAR5		8199
LC868347.1	2025	Iraq	cattle	SAT 1	FMDV	THI-QAR6		8199
LC868348.1	2025	Iraq	cattle	SAT 1	FMDV	THI-QAR7		8199
LC868349.1	2025	Iraq	cattle	SAT 1	FMDV	THI-QAR8		8199
LC917736.1	2025	Iraq	cattle	SAT 1	FMDV	BASRAH 1-1		8201
LC917737.1	2025	Iraq	cattle	SAT 1	FMDV	BASRAH 1-2		8201
LC917738.1	2025	Iraq	cattle	SAT 1	FMDV	BASRAH 1-3		8201
PV524767.1	2021	Zambia	cattle	SAT 2	FMDV	ZAM/8/2021		8133
PV524762.1	2021	Nigeria	cattle	SAT 2	FMDV	NIG/5/2021		8091
OQ557397.1	2022	Ethiopia	cattle	SAT 2	FMDV	ETH/2/2022		8205
PQ587563.1	2022	Ethiopia	cattle	SAT 2	FMDV	ETH/9/2022		8182
PQ587564.1	2022	Ethiopia	cattle	SAT 2	FMDV	ETH/11/2022		8201
PQ587565.1	2022	Ethiopia	cattle	SAT 2	FMDV	ETH/17/2022		8192
PQ587566.1	2022	Ethiopia	cattle	SAT 2	FMDV	ETH/28/2022		8202
PQ587567.1	2022	Ethiopia	cattle	SAT 2	FMDV	ETH/31/2022		8205
PQ587568.1	2022	Ethiopia	cattle	SAT 2	FMDV	ETH/43/2022		8205
PQ587569.1	2022	Ethiopia	cattle	SAT 2	FMDV	ETH/48/2022		8174
PQ587570.1	2022	Ethiopia	cattle	SAT 2	FMDV	ETH/64/2022		8191
PQ587571.1	2022	Ethiopia	cattle	SAT 2	FMDV	ETH/77/2022		8196
PQ587572.1	2022	Ethiopia	cattle	SAT 2	FMDV	ETH/90/2022		8203
PP432642.1	2022	Bahrain	cattle	SAT 2	FMDV	SAT2/BAR/2/2022		8192
PP432643.1	2022	Bahrain	cattle	SAT 2	FMDV	SAT2/BAR/5/2022		8205
PP432644.1	2022	Bahrain	cattle	SAT 2	FMDV	SAT2/BAR/7/2022		8193
PQ587573.1	2022	Ethiopia	cattle	SAT 2	FMDV	ETH/105/2022		8172
PQ587574.1	2023	Ethiopia	cattle	SAT 2	FMDV	ETH/1/2023		8204
PP432651.1	2023	Jordan	cattle	SAT 2	FMDV	SAT2/JOR/1/2023		8205
PP432652.1	2023	Jordan	cattle	SAT 2	FMDV	SAT2/JOR/6/2023		8197
PP432647.1	2023	Iraq	cattle	SAT 2	FMDV	SAT2/IRQ/3/2023		8204
PP432653.1	2023	Jordan	cattle	SAT 2	FMDV	SAT2/JOR/11/2023		8205
PP432654.1	2023	Jordan	cattle	SAT 2	FMDV	SAT2/JOR/20/2023		8194
PP432655.1	2023	Jordan	cattle	SAT 2	FMDV	SAT2/JOR/23/2023		8194
PP432648.1	2023	Iraq	cattle	SAT 2	FMDV	SAT2/IRQ/5/2023		8206
PP432649.1	2023	Iraq	cattle	SAT 2	FMDV	SAT2/IRQ/6/2023		8205
PP432656.1	2023	Jordan	cattle	SAT 2	FMDV	SAT2/JOR/26/2023		8192
PP432657.1	2023	Turkey	cattle	SAT 2	FMDV	SAT2/TUR/4/2023		8197
PP432658.1	2023	Turkey	cattle	SAT 2	FMDV	SAT2/TUR/5/2023		8189
PP432659.1	2023	Turkey	cattle	SAT 2	FMDV	SAT2/TUR/6/2023		8205
PP432660.1	2023	Turkey	cattle	SAT 2	FMDV	SAT2/TUR/7/2023		8197
PP432661.1	2023	Turkey	cattle	SAT 2	FMDV	SAT2/TUR/8/2023		8196
PP432663.1	2023	Turkey	cattle	SAT 2	FMDV	SAT2/TUR/10/2023		8194
PP432662.1	2023	Turkey	cattle	SAT 2	FMDV	SAT2/TUR/9/2023		8188
PP432664.1	2023	Turkey	cattle	SAT 2	FMDV	SAT2/TUR/11/2023		8194
PP432665.1	2023	Turkey	cattle	SAT 2	FMDV	SAT2/TUR/12/2023		8186
PP432666.1	2023	Turkey	cattle	SAT 2	FMDV	SAT2/TUR/13/2023		8194
PP432667.1	2023	Turkey	cattle	SAT 2	FMDV	SAT2/TUR/14/2023		8195
PP432668.1	2023	Turkey	cattle	SAT 2	FMDV	SAT2/TUR/15/2023		8205
PP432669.1	2023	Turkey	cattle	SAT 2	FMDV	SAT2/TUR/16/2023		8205
PP432670.1	2023	Turkey	cattle	SAT 2	FMDV	SAT2/TUR/17/2023		8192
PP432671.1	2023	Turkey	cattle	SAT 2	FMDV	SAT2/TUR/18/2023		8189
PP432672.1	2023	Turkey	cattle	SAT 2	FMDV	SAT2/TUR/19/2023		8192
PP432673.1	2023	Turkey	cattle	SAT 2	FMDV	SAT2/TUR/20/2023		8181
PV524750.1	2021	United Arab Emirates	Oryx leucoryx	O	FMDV	UAE/2/2021		8186
PQ654497.1	2021	United Arab Emirates	sheep	O	FMDV	UAE/14/2021		8232
PQ654498.1	2021	United Arab Emirates	sheep	O	FMDV	UAE/15/2021		8231
PQ654493.1	2022	Nepal	Wild boar	O	FMDV	NEP/36/2022		8231
