accession	lineage_raw	lineage_normalized	country	passed	completeness_fraction	n_content_fraction	reasons_failed
HM854021.1	A	A	India	True	0.9885	0.0011	
HQ832582.1	A	A	India	True	0.9967	0.0	
HQ832579.1	A	A	India	True	0.9965	0.0	
KY446902.1	A	A	Pakistan	True	0.9976	0.0001	
GQ406252.1	A	A	Viet Nam	True	1.0011	0.0	
DQ989317.1	Asia 1	ASIA1	India	True	1.0083	0.0121	
DQ989311.1	Asia 1	ASIA1	India	True	0.9978	0.0122	
KY446901.1	Asia 1	ASIA1	Pakistan	True	0.9989	0.0	
GU384683.1	O	O	Pakistan	True	1.0096	0.0121	
OM456138.1	O	O	Pakistan	True	0.994	0.0038	
OM456145.1	O	O	Pakistan	True	0.9943	0.0038	
OM456150.1	O	O	Pakistan	True	0.9939	0.0038	
KY446903.1	O	O	Pakistan	True	0.9937	0.0	
KT003716.1	O	O	Pakistan	True	0.994	0.0	
FJ175661.1	O	O	Israel	True	1.0099	0.0121	
OQ356340.1	A	A	Brazil	True	0.9929	0.0001	
HQ832580.1	A	A	India	True	0.9967	0.0	
HQ832581.1	A	A	India	True	0.9865	0.0	
OQ356344.1	A	A	Uruguay	True	0.9793	0.0	
HQ832590.1	A	A	India	True	0.9972	0.0	
OQ356347.1	A	A	Egypt	True	1.0005	0.0	
OM455480.1	A	A	Pakistan	True	0.9973	0.0006	
HQ832592.1	A	A	India	True	0.992	0.0	
OM455482.1	A	A	Pakistan	True	0.9977	0.0	
OQ356349.1	A	A	Kenya	True	0.9872	0.0	
OR338601.1	A	A	Argentina	True	0.9899	0.0	
OR338602.1	A	A	Argentina	True	0.9899	0.0	
OR338603.1	A	A	Argentina	True	0.9899	0.0001	
OR338605.1	A	A	Argentina	True	0.9899	0.0004	
OR338604.1	A	A	Argentina	True	0.9898	0.0004	
OR338606.1	A	A	Argentina	True	0.9899	0.0	
OR338608.1	A	A	Argentina	True	0.99	0.0001	
OR338609.1	A	A	Argentina	True	0.99	0.0002	
OR338607.1	A	A	Argentina	True	0.9898	0.0	
OR338610.1	A	A	Argentina	True	0.99	0.0	
OR338611.1	A	A	Argentina	True	0.9899	0.0	
OR338613.1	A	A	Argentina	False	0.9899	0.1583	N-content 15.8% above maximum 5%
OR338614.1	A	A	Argentina	True	0.9899	0.0	
OR338612.1	A	A	Argentina	True	0.9899	0.0	
OR338616.1	A	A	Argentina	True	0.9898	0.0016	
OR338615.1	A	A	Argentina	True	0.9899	0.0	
OR338617.1	A	A	Argentina	True	0.9899	0.0004	
OR338618.1	A	A	Argentina	True	0.9899	0.0	
OR338620.1	A	A	Argentina	True	0.9899	0.0002	
OR338619.1	A	A	Argentina	True	0.9899	0.0001	
OR338621.1	A	A	Argentina	True	0.9899	0.0001	
HQ832584.1	A	A	India	True	0.9867	0.0	
HQ832588.1	A	A	India	True	0.9966	0.0	
HQ832587.1	A	A	India	True	0.9981	0.0006	
HQ832589.1	A	A	India	True	0.9922	0.0	
HQ632773.1	A	A	Malaysia	True	0.9983	0.0059	
PQ768002.1	A	A	India	True	0.9918	0.0001	
PQ768003.1	A	A	India	True	0.9973	0.0001	
HQ832591.1	A	A	India	True	0.9971	0.0	
PQ768004.1	A	A	India	True	0.9974	0.0001	
GQ406248.1	A	A	Viet Nam	True	1.0005	0.0	
GQ406249.1	A	A	Viet Nam	True	1.0	0.0	
GQ406247.1	A	A	Viet Nam	True	1.0001	0.0	
GQ406250.1	A	A	Viet Nam	True	1.0004	0.0	
PQ768006.1	A	A	India	True	0.9977	0.0002	
PQ768007.1	A	A	India	True	0.997	0.0001	
KC588943.1	A	A	South Korea	True	0.9988	0.0	
PQ768008.1	A	A	India	True	0.9971	0.0	
PQ768009.1	A	A	India	True	0.9976	0.0	
GU931682.1	Asia 1	ASIA1	China	True	0.9985	0.0	
DQ989304.1	Asia 1	ASIA1	India	True	1.0026	0.0122	
DQ989314.1	Asia 1	ASIA1	India	True	1.0082	0.0121	
DQ989319.1	Asia 1	ASIA1	India	True	1.0083	0.0121	
DQ989321.1	Asia 1	ASIA1	India	True	1.0082	0.0121	
DQ989318.1	Asia 1	ASIA1	India	True	1.0077	0.0121	
DQ989323.1	Asia 1	ASIA1	India	True	1.0089	0.0121	
DQ989322.1	Asia 1	ASIA1	India	True	1.0055	0.0121	
DQ989320.1	Asia 1	ASIA1	India	True	1.0082	0.0121	
KM268897.1	C	C	Kenya	True	0.9991	0.0	
FJ542367.1	O	O	United Kingdom	True	0.9984	0.0	
FJ542368.1	O	O	United Kingdom	True	0.9984	0.0	
FJ542370.1	O	O	United Kingdom	True	0.9984	0.0	
FJ542371.1	O	O	United Kingdom	True	0.9984	0.0001	
FJ542372.1	O	O	United Kingdom	True	0.9984	0.0001	
FJ542365.1	O	O	United Kingdom	True	0.9984	0.0	
MN983153.1	O	O	India	True	0.995	0.0072	
MH053311.1	O	O	Ethiopia	True	0.9959	0.0038	
MN983154.1	O	O	India	True	0.9972	0.0022	
FJ175662.1	O	O	Israel	True	1.0084	0.0121	
FJ175663.1	O	O	Israel	True	1.0097	0.0121	
FJ175666.1	O	O	Israel	True	1.0094	0.0121	
FJ175664.1	O	O	Israel	True	1.0077	0.0121	
FJ175665.1	O	O	Israel	True	1.0078	0.0121	
GU384682.1	O	O	Pakistan	True	1.009	0.0121	
MN983155.1	O	O	India	True	0.9971	0.0015	
MN983156.1	O	O	India	True	0.9967	0.0006	
MN983157.1	O	O	India	True	0.9961	0.0004	
MN983158.1	O	O	India	True	0.9959	0.0024	
JQ973889.1	O	O	China	True	1.0018	0.0	
LC036265.1	O	O	Japan	True	1.0012	0.0	
OM456146.1	O	O	Pakistan	True	0.994	0.0038	
OM456144.1	O	O	Pakistan	True	0.9943	0.0037	
DQ404176.1	O	O	United Kingdom	True	0.9984	0.0	
DQ404175.1	O	O	United Kingdom	True	0.9984	0.0	
DQ404173.1	O	O	United Kingdom	True	0.9987	0.0	
DQ404172.1	O	O	United Kingdom	True	0.9984	0.0	
KM257061.1	O	O	United Kingdom	True	0.9972	0.0001	
KM257062.1	O	O	United Kingdom	True	0.9972	0.0	
KM257063.1	O	O	United Kingdom	True	0.9972	0.0001	
EF552693.1	O	O	United Kingdom	True	0.9984	0.0	
KM257064.1	O	O	United Kingdom	True	0.9965	0.0015	
EF552694.1	O	O	United Kingdom	True	0.9985	0.0	
EF552696.1	O	O	United Kingdom	True	0.9984	0.0	
EF552690.1	O	O	United Kingdom	True	0.9984	0.0	
DQ404168.1	O	O	United Kingdom	True	0.9984	0.0	
EF552691.1	O	O	United Kingdom	True	0.9984	0.0	
DQ404166.1	O	O	United Kingdom	True	0.9984	0.0	
DQ404165.1	O	O	United Kingdom	True	0.9984	0.0	
DQ404164.1	O	O	United Kingdom	True	0.9984	0.0	
DQ404163.1	O	O	United Kingdom	True	0.9982	0.0	
DQ404161.1	O	O	United Kingdom	True	0.9979	0.0	
DQ404160.1	O	O	United Kingdom	True	0.9977	0.0001	
KM257065.1	O	O	United Kingdom	True	0.9972	0.0	
DQ404159.1	O	O	United Kingdom	True	0.9978	0.0	
HQ632769.1	O	O	Malaysia	True	0.9943	0.0059	
KF694744.1	O	O	South Korea	True	1.0007	0.0	
HQ632770.1	O	O	Malaysia	True	0.9981	0.0051	
MH053312.1	O	O	Ethiopia	True	0.995	0.0044	
MH053314.1	O	O	Ethiopia	True	0.9961	0.0044	
KJ560277.1	O	O	United Kingdom	True	0.9963	0.0013	
KJ560278.1	O	O	United Kingdom	True	0.9963	0.0013	
KJ560279.1	O	O	United Kingdom	True	0.9963	0.0013	
KJ560276.1	O	O	United Kingdom	True	0.9963	0.0013	
EU448371.1	O	O	United Kingdom	True	0.9963	0.0012	
EU448372.1	O	O	United Kingdom	True	0.9963	0.0012	
KJ560280.1	O	O	United Kingdom	True	0.9963	0.0013	
KJ560281.1	O	O	United Kingdom	True	0.9963	0.0016	
KJ560282.1	O	O	United Kingdom	True	0.9963	0.0013	
KJ560283.1	O	O	United Kingdom	True	0.9963	0.0013	
KJ560284.1	O	O	United Kingdom	True	0.9963	0.0013	
KJ560285.1	O	O	United Kingdom	True	0.9963	0.0013	
EU448373.1	O	O	United Kingdom	True	0.9963	0.0013	
KJ560286.1	O	O	United Kingdom	True	0.9963	0.0013	
KJ560287.1	O	O	United Kingdom	True	0.9963	0.0016	
EU448374.1	O	O	United Kingdom	True	0.9963	0.0012	
KJ560288.1	O	O	United Kingdom	True	0.9963	0.0013	
KJ560289.1	O	O	United Kingdom	True	0.9963	0.0015	
KJ560290.1	O	O	United Kingdom	True	0.9963	0.0013	
KJ560291.1	O	O	United Kingdom	True	0.9963	0.0013	
KJ560292.1	O	O	United Kingdom	True	0.9963	0.0015	
KJ560293.1	O	O	United Kingdom	True	0.9963	0.0015	
KJ560294.1	O	O	United Kingdom	True	0.9963	0.0015	
EU448375.1	O	O	United Kingdom	True	0.9963	0.0012	
KJ560296.1	O	O	United Kingdom	True	0.9963	0.0013	
EU448377.1	O	O	United Kingdom	True	0.9963	0.0012	
KJ560295.1	O	O	United Kingdom	True	0.9963	0.0013	
EU448376.1	O	O	United Kingdom	True	0.9963	0.0012	
KJ560301.1	O	O	United Kingdom	True	0.9963	0.0013	
KJ560302.1	O	O	United Kingdom	True	0.9963	0.0013	
EU448379.1	O	O	United Kingdom	True	0.9963	0.0012	
KJ560303.1	O	O	United Kingdom	True	0.9963	0.0013	
KJ560304.1	O	O	United Kingdom	True	0.9963	0.0013	
KJ560305.1	O	O	United Kingdom	True	0.9963	0.0013	
KJ560306.1	O	O	United Kingdom	True	0.9963	0.0013	
KJ560307.1	O	O	United Kingdom	True	0.9963	0.0013	
KJ560308.1	O	O	United Kingdom	True	0.9963	0.0013	
KJ560309.1	O	O	United Kingdom	True	0.9963	0.0013	
EU448380.1	O	O	United Kingdom	True	0.9963	0.0012	
EU448381.1	O	O	United Kingdom	True	0.9963	0.0012	
HQ632772.1	O	O	Malaysia	True	0.9976	0.0051	
JX570638.1	O	O	United Kingdom	True	0.9984	0.0031	
JX570647.1	O	O	United Kingdom	True	0.9984	0.0031	
JX570639.1	O	O	United Kingdom	True	0.9984	0.0032	
JX570648.1	O	O	United Kingdom	True	0.9984	0.0034	
JX570640.1	O	O	United Kingdom	True	0.9984	0.0034	
JX570649.1	O	O	United Kingdom	True	0.9984	0.0032	
JX570642.1	O	O	United Kingdom	True	0.9984	0.0033	
JX570641.1	O	O	United Kingdom	True	0.9984	0.0031	
JX570651.1	O	O	United Kingdom	True	0.9984	0.0033	
JX570650.1	O	O	United Kingdom	True	0.9984	0.0031	
JX570653.1	O	O	United Kingdom	True	0.9984	0.0031	
JX570644.1	O	O	United Kingdom	True	0.9984	0.0031	
JX570654.1	O	O	United Kingdom	True	0.9984	0.0031	
JX570646.1	O	O	United Kingdom	True	0.9984	0.0031	
JX570655.1	O	O	United Kingdom	True	0.9984	0.0031	
JX570645.1	O	O	United Kingdom	True	0.9984	0.0031	
JX570643.1	O	O	United Kingdom	True	0.9984	0.0034	
JX570652.1	O	O	United Kingdom	True	0.9984	0.0033	
MG983704.1	O	O	Nepal	True	0.9988	0.0	
MG983687.1	O	O	Bhutan	True	0.9974	0.0	
KF112880.1	O	O	Myanmar	True	0.9978	0.006	
MG983684.1	O	O	Bangladesh	True	0.9991	0.0004	
MG983692.1	O	O	Iran	True	0.9976	0.0012	
MG983688.1	O	O	Bhutan	True	1.0002	0.0004	
MG983705.1	O	O	Nepal	True	1.0002	0.0004	
MG983706.1	O	O	Nepal	True	1.0004	0.0002	
KF112886.1	O	O	South Korea	True	0.9981	0.0053	
KF112885.1	O	O	Japan	True	0.9983	0.0055	
KF112882.1	O	O	Mongolia	True	0.9978	0.0	
JX040491.1	O	O	Turkey	True	0.9985	0.0051	
JX040493.1	O	O	Turkey	True	0.9985	0.0051	
JX040494.1	O	O	Turkey	True	0.9985	0.0051	
MN062585.1	O	O	Turkey	True	0.994	0.0219	
JX040495.1	O	O	Turkey	True	0.9985	0.0051	
JX040496.1	O	O	Turkey	True	0.9985	0.0051	
JX040497.1	O	O	Turkey	True	0.9985	0.0068	
JX040492.1	O	O	Turkey	True	0.9985	0.0051	
JX040498.1	O	O	Turkey	True	0.9985	0.0068	
KF112884.1	O	O	Russia	True	0.9977	0.0006	
KF112881.1	O	O	Mongolia	True	0.9979	0.0053	
KU821591.1	O	O	Zambia	True	0.9934	0.0	
MH053313.1	O	O	Ethiopia	True	0.9946	0.0006	
JN998086.1	O	O	China	True	1.0043	0.0	
OM863582.1	SAT 1	SAT1	Kenya	True	0.9931	0.0	
PV524760.1	SAT 1	SAT1	Kenya	True	0.9911	0.0	
KU821590.1	SAT 1	SAT1	Namibia	True	0.984	0.0001	
KU821592.1	SAT 2	SAT2	Zambia	True	0.9957	0.0001	
FJ542366.1	O	O	United Kingdom	True	0.9984	0.0	
FJ542369.1	O	O	United Kingdom	True	0.9985	0.0	
DQ404174.1	O	O	Ireland	True	0.9984	0.0	
EF552688.1	O	O	United Kingdom	True	0.9984	0.0	
EF552689.1	O	O	United Kingdom	True	0.9984	0.0	
DQ404171.1	O	O	United Kingdom	True	0.9984	0.0	
EF552697.1	O	O	United Kingdom	True	0.9984	0.0	
DQ404169.1	O	O	United Kingdom	True	0.9984	0.0	
EF552692.1	O	O	United Kingdom	True	0.9987	0.0	
DQ404170.1	O	O	United Kingdom	True	0.9984	0.0	
EU214601.1	O	O	United Kingdom	True	0.9984	0.0	
DQ404167.1	O	O	United Kingdom	True	0.9978	0.0001	
EF552695.1	O	O	United Kingdom	True	0.9984	0.0	
DQ404162.1	O	O	United Kingdom	True	0.9983	0.0	
DQ404158.1	O	O	United Kingdom	True	0.9977	0.0	
KJ560297.1	O	O	United Kingdom	True	0.9963	0.0018	
KJ560298.1	O	O	United Kingdom	True	0.9963	0.0015	
KJ560299.1	O	O	United Kingdom	True	0.9963	0.0013	
KJ560300.1	O	O	United Kingdom	True	0.9963	0.0016	
EU448378.1	O	O	United Kingdom	True	0.9963	0.0013	
GQ406251.1	A	A	Viet Nam	True	1.0001	0.0	
FJ906802.1	Asia 1	ASIA1	China	True	1.004	0.0	
HQ631363.1	Asia 1	ASIA1	China	True	0.9994	0.0	
KC412634.1	Asia 1	ASIA1	China	True	1.0037	0.0	
KC462884.1	Asia 1	ASIA1	China	True	1.0037	0.0	
KF501486.1	O	O	South Korea	True	1.0039	0.0	
KF501487.1	O	O	South Korea	True	1.0039	0.0	
KF501488.1	O	O	South Korea	True	1.0039	0.0001	
HQ632768.1	O	O	Malaysia	True	0.9981	0.0063	
HQ412603.1	O	O	China	True	0.9911	0.0	
DQ404180.1	O	O	United Kingdom	True	0.9984	0.0004	
DQ404179.1	O	O	United Kingdom	True	0.9984	0.0	
DQ404178.1	O	O	United Kingdom	True	0.9984	0.0	
DQ404177.1	O	O	United Kingdom	True	0.9984	0.0	
KF694731.1	O	O	South Korea	True	1.0007	0.0	
KF694732.1	O	O	South Korea	True	1.0007	0.0	
KF694733.1	O	O	South Korea	True	1.0009	0.0	
KF694734.1	O	O	South Korea	True	1.0009	0.0	
KF694735.1	O	O	South Korea	True	1.0007	0.0	
KF694736.1	O	O	South Korea	True	1.0007	0.0	
KF694737.1	O	O	South Korea	True	1.0007	0.0	
KF694738.1	O	O	South Korea	True	1.0007	0.0	
KF694739.1	O	O	South Korea	True	1.0007	0.0	
KF694740.1	O	O	South Korea	True	1.0009	0.0	
KF694741.1	O	O	South Korea	True	1.0006	0.0	
KF694742.1	O	O	South Korea	True	1.0006	0.0	
KF694743.1	O	O	South Korea	True	1.0009	0.0	
KF694745.1	O	O	South Korea	True	1.001	0.0	
KF694746.1	O	O	South Korea	True	1.001	0.0	
HQ632771.1	O	O	Malaysia	True	0.9907	0.0047	
KF112879.1	O	O	Thailand	True	0.9979	0.0059	
KF112889.1	O	O	Hong Kong	True	0.9981	0.0065	
HM229661.1	O	O	Hong Kong	True	0.9899	0.0064	
KF112883.1	O	O	Russia	True	0.9981	0.0	
KF112887.1	O	O	South Korea	True	0.9983	0.0052	
JX040485.1	O	O	Bulgaria	True	0.9985	0.0052	
HM008917.1	O	O	China	True	1.0068	0.0	
MN389541.1	O	O	China	True	0.9939	0.0	
JN998085.1	O	O	China	True	1.0038	0.0	
KR108948.1	SAT 1	SAT1	South Africa	True	0.9761	0.0037	
KR108949.1	SAT 2	SAT2	South Africa	True	0.9759	0.0002	
KR108950.1	SAT 3	SAT3	South Africa	True	0.995	0.0	
MF372125.1	Asia 1	ASIA1	India	True	0.9991	0.0	
KT968663.1	A	A	China	True	0.9874	0.0	
OM455481.1	A	A	Pakistan	True	0.9981	0.0022	
OM455484.1	A	A	Pakistan	True	0.9954	0.0017	
MT863268.1	A	A	Egypt	True	1.0071	0.0	
OM455467.1	A	A	Pakistan	True	0.9962	0.0	
OM455472.1	A	A	Pakistan	True	0.9984	0.0	
OM455474.1	A	A	Pakistan	True	0.9952	0.0	
OM455475.1	A	A	Pakistan	True	0.9952	0.0	
OM455476.1	A	A	Pakistan	True	0.996	0.0	
OM455477.1	A	A	Pakistan	True	0.9962	0.0	
OM455478.1	A	A	Pakistan	True	0.9972	0.0	
OM455466.1	A	A	Pakistan	True	0.9979	0.0	
OM455465.1	A	A	Pakistan	True	0.9977	0.0	
OM455470.1	A	A	Pakistan	True	0.996	0.0	
PQ768012.1	A	A	India	True	0.9977	0.0	
OM455471.1	A	A	Pakistan	True	0.9965	0.0	
OM455468.1	A	A	Pakistan	True	0.9966	0.0	
OM455469.1	A	A	Pakistan	True	0.9946	0.0	
OM455473.1	A	A	Pakistan	True	0.9963	0.0	
OM471664.1	Asia 1	ASIA1	Pakistan	True	0.9946	0.0	
OM471665.1	Asia 1	ASIA1	Pakistan	True	0.996	0.0	
OM471666.1	Asia 1	ASIA1	Pakistan	True	0.9959	0.0	
OM471667.1	Asia 1	ASIA1	Pakistan	True	0.9959	0.0	
OM471660.1	Asia 1	ASIA1	Pakistan	True	0.9963	0.0	
OM471670.1	Asia 1	ASIA1	Pakistan	True	0.9959	0.0	
OM471677.1	Asia 1	ASIA1	Pakistan	True	0.9968	0.0	
OM471680.1	Asia 1	ASIA1	Pakistan	True	0.9951	0.0	
OM471610.1	Asia 1	ASIA1	Pakistan	True	0.9959	0.0	
OM471612.1	Asia 1	ASIA1	Pakistan	True	0.9959	0.0	
OM471613.1	Asia 1	ASIA1	Pakistan	True	0.9951	0.0005	
OM471616.1	Asia 1	ASIA1	Pakistan	True	0.9991	0.0	
OM471617.1	Asia 1	ASIA1	Pakistan	True	0.9966	0.0	
OM471618.1	Asia 1	ASIA1	Pakistan	True	0.996	0.0	
OM471621.1	Asia 1	ASIA1	Pakistan	True	0.996	0.0	
OM471622.1	Asia 1	ASIA1	Pakistan	True	0.9985	0.0	
OM471623.1	Asia 1	ASIA1	Pakistan	True	0.997	0.0	
OM471625.1	Asia 1	ASIA1	Pakistan	True	0.9966	0.0	
OM471628.1	Asia 1	ASIA1	Pakistan	True	0.9989	0.0	
OM471647.1	Asia 1	ASIA1	Pakistan	True	0.9966	0.0	
OM471650.1	Asia 1	ASIA1	Pakistan	True	0.9965	0.0	
OM471654.1	Asia 1	ASIA1	Pakistan	True	0.9967	0.0	
OM471656.1	Asia 1	ASIA1	Pakistan	True	0.9965	0.0	
OM471611.1	Asia 1	ASIA1	Pakistan	True	0.9957	0.0	
OM471630.1	Asia 1	ASIA1	Pakistan	True	0.996	0.0	
OM471633.1	Asia 1	ASIA1	Pakistan	True	0.9966	0.0	
OM471636.1	Asia 1	ASIA1	Pakistan	True	0.996	0.0	
OM471637.1	Asia 1	ASIA1	Pakistan	True	0.9983	0.0	
OM471638.1	Asia 1	ASIA1	Pakistan	True	0.9961	0.0	
OM471639.1	Asia 1	ASIA1	Pakistan	True	0.9955	0.0021	
OM471640.1	Asia 1	ASIA1	Pakistan	True	0.9957	0.0033	
OM471641.1	Asia 1	ASIA1	Pakistan	True	0.9955	0.0005	
OM471642.1	Asia 1	ASIA1	Pakistan	True	0.9983	0.0	
OM471643.1	Asia 1	ASIA1	Pakistan	True	0.9987	0.0	
OM471644.1	Asia 1	ASIA1	Pakistan	True	0.9985	0.0	
OM471645.1	Asia 1	ASIA1	Pakistan	True	0.9961	0.0	
OM471646.1	Asia 1	ASIA1	Pakistan	True	0.9963	0.0	
OM471648.1	Asia 1	ASIA1	Pakistan	True	0.9976	0.0	
OM471649.1	Asia 1	ASIA1	Pakistan	True	0.996	0.0	
OM471651.1	Asia 1	ASIA1	Pakistan	True	0.9967	0.0	
OM471652.1	Asia 1	ASIA1	Pakistan	True	0.9895	0.007	
OM471653.1	Asia 1	ASIA1	Pakistan	True	0.9955	0.002	
OM471655.1	Asia 1	ASIA1	Pakistan	True	0.9968	0.0	
OM471658.1	Asia 1	ASIA1	Pakistan	True	0.9952	0.0	
OM471614.1	Asia 1	ASIA1	Pakistan	True	0.9959	0.0013	
OM471619.1	Asia 1	ASIA1	Pakistan	True	0.9957	0.0	
OM471624.1	Asia 1	ASIA1	Pakistan	True	0.9988	0.0	
OM471626.1	Asia 1	ASIA1	Pakistan	True	0.9959	0.0	
OM471631.1	Asia 1	ASIA1	Pakistan	True	0.9956	0.0	
OM471634.1	Asia 1	ASIA1	Pakistan	True	0.9991	0.0	
OM471620.1	Asia 1	ASIA1	Pakistan	True	0.9987	0.0	
OM471627.1	Asia 1	ASIA1	Pakistan	True	0.9952	0.0	
OM471629.1	Asia 1	ASIA1	Pakistan	True	0.9977	0.0	
OM471632.1	Asia 1	ASIA1	Pakistan	True	0.9971	0.0	
OM471635.1	Asia 1	ASIA1	Pakistan	True	0.9987	0.0	
OM471657.1	Asia 1	ASIA1	Pakistan	True	0.9972	0.0	
OM471615.1	Asia 1	ASIA1	Pakistan	True	0.9946	0.0043	
OM456139.1	O	O	Pakistan	True	0.994	0.0036	
OM456140.1	O	O	Pakistan	True	0.9942	0.0038	
OM456141.1	O	O	Pakistan	True	0.9938	0.0067	
OM456142.1	O	O	Pakistan	True	0.9942	0.0039	
OM456136.1	O	O	Pakistan	True	0.9952	0.0047	
OM456143.1	O	O	Pakistan	True	0.9937	0.0036	
OM456148.1	O	O	Pakistan	True	0.9938	0.0038	
OM456128.1	O	O	Pakistan	True	0.9929	0.0	
OM456130.1	O	O	Pakistan	True	0.9929	0.0	
OM456131.1	O	O	Pakistan	True	0.9933	0.0	
OM456132.1	O	O	Pakistan	True	0.9934	0.0	
OM456129.1	O	O	Pakistan	True	0.9923	0.0	
MG983707.1	O	O	Nepal	True	0.9978	0.0	
MG983710.1	O	O	Nepal	True	0.9968	0.0001	
KJ825809.1	O	O	India	True	0.9993	0.0018	
OK422491.1	O	O	India	True	0.9994	0.0	
OK422489.1	O	O	India	True	0.9994	0.0	
MG983734.1	O	O	Sri Lanka	True	0.9962	0.0	
MH784404.1	O	O	Pakistan	True	0.9985	0.0001	
OK318546.1	O	O	Viet Nam	True	0.9967	0.0	
OK318548.1	O	O	Viet Nam	True	0.9981	0.0	
ON868557.1	O	O	Viet Nam	True	0.99	0.002	
ON868563.1	O	O	Viet Nam	True	0.9955	0.0	
ON868569.1	O	O	Viet Nam	True	0.9956	0.0012	
OK318526.1	O	O	Viet Nam	True	0.9961	0.0	
MT340224.1	O	O	Viet Nam	True	0.9979	0.0	
PV524761.1	SAT 2	SAT2	Egypt	True	0.9888	0.0002	
MT944980.1	O	O	Iran	True	0.9918	0.01	
MT944981.1	O	O	Iran	True	0.9987	0.0	
MT944982.1	O	O	Iran	True	0.9959	0.0007	
MT944983.1	O	O	Iran	True	0.9983	0.0001	
OK318518.1	O	O	Viet Nam	True	0.9949	0.0	
PQ768011.1	A	A	India	True	0.9972	0.0006	
OM455479.1	A	A	Pakistan	True	0.9965	0.0013	
OM455483.1	A	A	Pakistan	True	0.9965	0.0015	
KJ608371.1	A	A	Viet Nam	True	1.0028	0.0	
MG725872.1	A	A	Nigeria	True	0.9903	0.0002	
MG725873.1	A	A	Nigeria	True	0.9906	0.0001	
MG725874.1	A	A	Nigeria	True	0.9913	0.0001	
MG725875.1	A	A	Nigeria	True	0.9903	0.0	
MG725876.1	A	A	Nigeria	True	0.9903	0.0	
OQ745961.1	A	A	Thailand	True	1.0012	0.0	
OP136971.1	A	A	Uganda	True	0.991	0.0	
MN227144.1	A	A	India	True	0.9991	0.0117	
PQ768010.1	A	A	India	True	0.9977	0.0	
OM863580.1	A	A	Egypt	True	0.9952	0.0005	
PQ768014.1	A	A	India	True	0.9979	0.0	
PQ768013.1	A	A	India	True	0.9974	0.0	
PQ768015.1	A	A	India	True	0.9977	0.0004	
PQ768016.1	A	A	India	True	0.9976	0.0	
OM863581.1	A	A	Kenya	True	1.0011	0.0001	
KM268896.1	A	A	Turkey	True	1.0006	0.0	
PQ768018.1	A	A	India	True	0.9978	0.0	
PQ768017.1	A	A	India	True	0.9978	0.0029	
KY322676.1	A	A	Malaysia	True	0.9988	0.0	
KY322680.1	A	A	Viet Nam	True	0.9942	0.0001	
KY322677.1	A	A	Malaysia	True	0.9984	0.0001	
KJ754939.1	A	A	Bangladesh	True	1.0017	0.0	
KY322678.1	A	A	Malaysia	True	0.9988	0.0	
KY322679.1	A	A	Thailand	True	0.9978	0.0002	
KY322675.1	A	A	Laos	True	0.9985	0.0006	
KU127247.1	A	A	Saudi Arabia	True	0.9989	0.0001	
PV524752.1	A	A	Iran	True	0.9818	0.0105	
MK088171.1	A	A	Bangladesh	True	1.0018	0.0	
OK318499.1	A	A	Viet Nam	True	0.994	0.0	
MN116688.1	A	A	Kenya	True	0.9954	0.0061	
MK940253.1	A	A	Saudi Arabia	True	0.9989	0.0001	
MG913340.1	A	A	Algeria	True	0.9894	0.0	
PV524758.1	A	A	Viet Nam	True	1.0052	0.0005	
OK318500.1	A	A	Viet Nam	True	0.9944	0.0	
ON868621.1	A	A	Viet Nam	True	0.9961	0.0	
MT602077.1	A	A	Ethiopia	True	0.9942	0.0002	
MT602079.1	A	A	Sudan	True	0.9862	0.0004	
MT602080.1	A	A	Uganda	True	0.9944	0.0013	
OK318506.1	A	A	Viet Nam	True	0.9971	0.0	
OK318507.1	A	A	Viet Nam	True	0.9972	0.0	
OK318508.1	A	A	Viet Nam	True	0.9971	0.0	
OK318509.1	A	A	Viet Nam	True	0.9974	0.0	
OK318510.1	A	A	Viet Nam	True	0.9972	0.0	
MT602078.1	A	A	Ethiopia	True	0.9895	0.0006	
OK318502.1	A	A	Viet Nam	True	0.9968	0.0017	
OK318504.1	A	A	Viet Nam	True	0.9968	0.0002	
OK318501.1	A	A	Viet Nam	True	0.997	0.0	
OK318503.1	A	A	Viet Nam	True	0.9965	0.0	
OK318505.1	A	A	Viet Nam	True	0.9973	0.0002	
PV524756.1	A	A	Pakistan	True	0.999	0.0027	
PQ662942.1	A	A	Nigeria	True	0.9893	0.0009	
PQ662943.1	A	A	Nigeria	True	0.9876	0.0042	
PQ662944.1	A	A	Nigeria	True	0.9873	0.0017	
PQ662945.1	A	A	Nigeria	True	0.9867	0.0046	
PQ662946.1	A	A	Nigeria	True	0.9877	0.0004	
PQ662947.1	A	A	Nigeria	True	0.9889	0.0005	
PV524755.1	A	A	Nigeria	True	0.9894	0.0004	
PQ474236.1	A	A	Russia	True	1.0065	0.0	
PQ474240.1	A	A	Russia	True	0.9906	0.0	
PQ474239.1	A	A	Russia	True	0.9966	0.0	
PQ474238.1	A	A	Russia	True	1.0084	0.0	
PQ474237.1	A	A	Russia	True	1.0032	0.0	
PQ474235.1	A	A	Russia	True	0.997	0.0	
PQ474234.1	A	A	Russia	True	0.9903	0.0	
PQ768019.1	A	A	India	True	0.9922	0.0009	
OM471659.1	Asia 1	ASIA1	Pakistan	True	0.9959	0.0001	
OM471661.1	Asia 1	ASIA1	Pakistan	True	0.9951	0.0	
OM471662.1	Asia 1	ASIA1	Pakistan	True	0.9946	0.0015	
OM471663.1	Asia 1	ASIA1	Pakistan	True	0.9962	0.0017	
OM471668.1	Asia 1	ASIA1	Pakistan	True	0.9948	0.0012	
OM471669.1	Asia 1	ASIA1	Pakistan	True	0.9946	0.0012	
OM471671.1	Asia 1	ASIA1	Pakistan	True	0.9954	0.0	
OM471672.1	Asia 1	ASIA1	Pakistan	True	0.996	0.0	
OM471673.1	Asia 1	ASIA1	Pakistan	True	0.9946	0.0	
OM471679.1	Asia 1	ASIA1	Pakistan	True	0.9954	0.001	
OM471678.1	Asia 1	ASIA1	Pakistan	True	0.9955	0.0	
MN853346.1	Asia 1	ASIA1	Iran	True	0.9988	0.0	
KM268898.1	Asia 1	ASIA1	Turkey	True	0.9994	0.0	
MF782478.1	Asia 1	ASIA1	Bangladesh	True	0.999	0.0	
OM471674.1	Asia 1	ASIA1	Pakistan	True	0.995	0.0015	
OM471675.1	Asia 1	ASIA1	Pakistan	True	0.9946	0.0	
OM471676.1	Asia 1	ASIA1	Pakistan	True	0.9951	0.0001	
MN366244.1	Asia 1	ASIA1	Bangladesh	True	0.9989	0.0	
OM456147.1	O	O	Pakistan	True	0.9939	0.0036	
OM456133.1	O	O	Pakistan	True	0.9938	0.0038	
OM456134.1	O	O	Pakistan	True	0.9938	0.0036	
OM456135.1	O	O	Pakistan	True	0.9938	0.0036	
OM456137.1	O	O	Pakistan	True	0.994	0.0038	
OM456149.1	O	O	Pakistan	True	0.9938	0.0036	
MN095356.1	O	O	India	True	0.997	0.0005	
MN095357.1	O	O	India	True	0.9987	0.0001	
MN095354.1	O	O	India	True	0.9984	0.0009	
MN095355.1	O	O	India	True	0.9982	0.0015	
MN095364.1	O	O	India	True	0.9982	0.0	
MN095365.1	O	O	India	True	0.9981	0.0006	
ON784046.1	O	O	Uganda	True	0.9822	0.0	
KF112888.1	O	O	North Korea	True	0.9979	0.006	
JX040500.1	O	O	Turkey	True	0.9985	0.0051	
JX066664.1	O	O	Bulgaria	True	0.9985	0.0045	
JX040499.1	O	O	Turkey	True	0.9985	0.0051	
JX066665.1	O	O	Bulgaria	True	0.9985	0.0045	
JX040501.1	O	O	Israel	True	0.9985	0.0051	
JX040486.1	O	O	Bulgaria	True	0.9985	0.0068	
JX040487.1	O	O	Bulgaria	True	0.9985	0.0068	
JX040488.1	O	O	Bulgaria	True	0.9985	0.0051	
JX040489.1	O	O	Bulgaria	True	0.9985	0.0068	
JX040490.1	O	O	Bulgaria	True	0.9985	0.0051	
MG983689.1	O	O	Bhutan	True	0.997	0.0013	
MG983708.1	O	O	Nepal	True	1.0	0.0005	
MG983709.1	O	O	Nepal	True	0.9967	0.0	
KM268895.1	O	O	Turkey	True	1.0011	0.0	
KJ206908.1	O	O	Bhutan	True	0.995	0.0031	
KJ825803.1	O	O	India	True	0.9966	0.0018	
KJ825808.1	O	O	India	True	0.9994	0.0018	
KJ825801.1	O	O	India	True	0.9991	0.0018	
KJ825802.1	O	O	India	True	0.9989	0.0018	
MK071699.1	O	O	Bangladesh	True	1.0018	0.0	
KF985189.1	O	O	Bangladesh	True	0.9909	0.0	
KY322670.1	O	O	Laos	True	0.9984	0.002	
KJ206910.1	O	O	Saudi Arabia	True	0.9944	0.0031	
MG983721.1	O	O	Saudi Arabia	True	0.9972	0.0002	
MG983722.1	O	O	Saudi Arabia	True	0.9973	0.0002	
KJ206909.1	O	O	Libya	True	0.9943	0.0031	
MG983694.1	O	O	Libya	True	0.9968	0.0013	
MG983695.1	O	O	Libya	True	0.9981	0.0005	
KJ825804.1	O	O	India	True	0.9993	0.0018	
MG983696.1	O	O	Libya	True	0.9999	0.0	
KJ825805.1	O	O	India	True	0.9991	0.0018	
MN095358.1	O	O	India	True	0.9955	0.0026	
MN095359.1	O	O	India	True	0.9957	0.0023	
MN095360.1	O	O	India	True	0.9971	0.0016	
MN095361.1	O	O	India	True	0.9946	0.005	
MN095362.1	O	O	India	True	0.9976	0.0005	
MN095363.1	O	O	India	True	0.9946	0.0076	
MG983711.1	O	O	Nepal	True	0.9963	0.0	
MG983723.1	O	O	Saudi Arabia	True	0.9976	0.0015	
MG983724.1	O	O	Saudi Arabia	True	0.996	0.0015	
KJ825806.1	O	O	India	True	0.9993	0.0018	
MG983697.1	O	O	Libya	True	0.9983	0.0	
MG983731.1	O	O	Sri Lanka	True	0.9965	0.0002	
MG983712.1	O	O	Nepal	True	0.9979	0.0	
MG983713.1	O	O	Nepal	True	0.9981	0.0	
MG983732.1	O	O	Sri Lanka	True	0.9982	0.0	
MG983715.1	O	O	Nepal	True	0.9966	0.0	
KJ825807.1	O	O	India	True	0.9993	0.0018	
MG983716.1	O	O	Nepal	True	0.9974	0.0	
MN095371.1	O	O	India	True	0.9955	0.0011	
MN095366.1	O	O	India	True	0.9946	0.0006	
MN095367.1	O	O	India	True	0.9935	0.0088	
MN095368.1	O	O	India	True	0.9963	0.0064	
MN095369.1	O	O	India	True	0.9945	0.0048	
MN095370.1	O	O	India	True	0.995	0.0048	
MG983725.1	O	O	Saudi Arabia	True	0.9999	0.0004	
KY322671.1	O	O	Malaysia	True	0.9987	0.0001	
KY322672.1	O	O	Malaysia	True	0.9955	0.0	
MN116693.1	O	O	Kenya	True	0.9942	0.0	
MG983726.1	O	O	Saudi Arabia	True	1.0002	0.0	
OM160610.1	O	O	Tunisia	True	0.9801	0.0	
OM160611.1	O	O	Tunisia	True	0.9805	0.0	
OM160612.1	O	O	Tunisia	True	0.9801	0.0001	
OM160613.1	O	O	Tunisia	True	0.9801	0.0001	
OM160614.1	O	O	Tunisia	True	0.9801	0.0	
OM160615.1	O	O	Tunisia	True	0.9801	0.0001	
KY322673.1	O	O	Malaysia	True	0.9888	0.002	
OM160616.1	O	O	Tunisia	True	0.98	0.0	
OM160617.1	O	O	Tunisia	True	0.9801	0.0	
MG983733.1	O	O	Sri Lanka	True	0.9971	0.0	
OM160618.1	O	O	Tunisia	True	0.9809	0.0009	
OM160619.1	O	O	Tunisia	True	0.9801	0.0002	
MG983717.1	O	O	Nepal	True	0.9961	0.0022	
MG983685.1	O	O	Bahrain	True	0.9949	0.0004	
MT602081.1	O	O	Ethiopia	True	0.9988	0.0002	
MG983686.1	O	O	Bahrain	True	0.997	0.0021	
PP916195.1	O	O	Malaysia	True	0.9984	0.0002	
MG983740.1	O	O	Viet Nam	True	0.9989	0.0001	
KU291242.1	O	O	Morocco	True	0.9889	0.0002	
MG983718.1	O	O	Nepal	True	0.9938	0.0005	
MG983719.1	O	O	Nepal	True	0.9978	0.0028	
MG983727.1	O	O	Saudi Arabia	True	0.9965	0.0042	
OK318551.1	O	O	Viet Nam	True	0.997	0.0	
OK019689.1	O	O	Iran	True	0.9974	0.0	
MG983690.1	O	O	Bhutan	True	0.9966	0.0046	
MG983728.1	O	O	Saudi Arabia	True	0.9927	0.0068	
MG983738.1	O	O	United Arab Emirates	True	0.9978	0.002	
MG983739.1	O	O	United Arab Emirates	True	0.9946	0.0021	
MG983729.1	O	O	Saudi Arabia	True	0.9971	0.0	
MT602082.1	O	O	Ethiopia	True	0.9927	0.0056	
MN116694.1	O	O	Kenya	True	0.9934	0.0	
MH784403.1	O	O	Pakistan	True	0.9984	0.0001	
PP916196.1	O	O	Malaysia	True	0.994	0.0002	
MG983691.1	O	O	Bhutan	True	0.9974	0.0001	
MG983703.1	O	O	Myanmar	True	0.9987	0.0009	
PP916197.1	O	O	Thailand	True	0.9945	0.0004	
MG983698.1	O	O	Mauritius	True	0.9846	0.0027	
MG983699.1	O	O	Mauritius	True	0.9882	0.007	
MK088170.1	O	O	Bangladesh	True	1.0006	0.0	
MG983700.1	O	O	Mauritius	True	0.9876	0.0086	
MG983701.1	O	O	Mauritius	True	0.9876	0.0001	
MG983702.1	O	O	Mauritius	True	0.9904	0.0001	
MG983741.1	O	O	Viet Nam	True	1.0	0.0001	
PP916189.1	O	O	Nepal	True	0.9962	0.0001	
PP916190.1	O	O	Nepal	True	0.9977	0.0002	
MG983720.1	O	O	Russia	True	1.0007	0.0	
PP916191.1	O	O	Nepal	True	0.9972	0.002	
MG983730.1	O	O	South Korea	True	0.9996	0.0001	
PP873338.1	O	O	South Korea	True	0.9937	0.0	
PP873339.1	O	O	South Korea	True	0.9937	0.0002	
MH784405.1	O	O	Pakistan	True	0.9989	0.0002	
ON868579.1	O	O	Viet Nam	True	0.9981	0.0	
ON868580.1	O	O	Viet Nam	True	0.9981	0.0	
OK318549.1	O	O	Viet Nam	True	0.9981	0.0	
OK318550.1	O	O	Viet Nam	True	0.9979	0.0	
ON868586.1	O	O	Viet Nam	True	0.9965	0.0004	
OK318547.1	O	O	Viet Nam	True	0.9979	0.0	
ON868587.1	O	O	Viet Nam	True	0.996	0.0024	
ON868584.1	O	O	Viet Nam	True	0.9962	0.0	
ON868523.1	O	O	Viet Nam	True	0.992	0.0031	
ON868519.1	O	O	Viet Nam	True	0.9959	0.0024	
ON868522.1	O	O	Viet Nam	True	0.9951	0.0006	
ON868520.1	O	O	Viet Nam	True	0.9945	0.0005	
ON868549.1	O	O	Viet Nam	True	0.9933	0.0012	
MT602084.1	O	O	Kenya	True	0.9989	0.0065	
ON868582.1	O	O	Viet Nam	True	0.9966	0.0	
ON868581.1	O	O	Viet Nam	True	0.9966	0.0	
OK318514.1	O	O	Viet Nam	True	0.9955	0.0	
ON868571.1	O	O	Viet Nam	True	0.997	0.0	
ON868524.1	O	O	Viet Nam	True	0.9955	0.0	
ON868539.1	O	O	Viet Nam	True	0.9962	0.0102	
ON868536.1	O	O	Viet Nam	True	0.9962	0.0	
ON868538.1	O	O	Viet Nam	True	0.9955	0.0	
ON868526.1	O	O	Viet Nam	True	0.9937	0.0005	
ON868548.1	O	O	Viet Nam	True	0.9962	0.0	
OK318516.1	O	O	Viet Nam	True	0.9957	0.0	
ON868566.1	O	O	Viet Nam	True	0.9951	0.0	
ON868547.1	O	O	Viet Nam	True	0.9951	0.0	
ON868564.1	O	O	Viet Nam	True	0.997	0.0	
PV524741.1	O	O	Cambodia	True	0.9966	0.0001	
ON868527.1	O	O	Viet Nam	True	0.9959	0.0	
ON868529.1	O	O	Viet Nam	True	0.9955	0.0	
ON868560.1	O	O	Viet Nam	True	0.9951	0.0	
ON868568.1	O	O	Viet Nam	True	0.9955	0.0	
ON868545.1	O	O	Viet Nam	True	0.9955	0.0	
ON868551.1	O	O	Viet Nam	True	0.9955	0.0	
ON868555.1	O	O	Viet Nam	True	0.9874	0.0078	
OK318517.1	O	O	Viet Nam	True	0.9955	0.0002	
OK318545.1	O	O	Viet Nam	True	0.9978	0.0	
OK318544.1	O	O	Viet Nam	True	0.9982	0.0	
ON868574.1	O	O	Viet Nam	True	0.9972	0.0	
OK318519.1	O	O	Viet Nam	True	0.9827	0.003	
OK318536.1	O	O	Viet Nam	True	0.9945	0.0023	
MN953619.1	O	O	Pakistan	True	0.9977	0.0011	
PQ654488.1	O	O	Sri Lanka	True	1.0021	0.0009	
MN953620.1	O	O	Pakistan	True	0.9977	0.001	
PP873344.1	O	O	South Korea	True	0.9934	0.0	
PP873340.1	O	O	South Korea	True	0.9934	0.0	
PP873342.1	O	O	South Korea	True	0.9934	0.0	
PP873343.1	O	O	South Korea	True	0.9934	0.0	
PP873341.1	O	O	South Korea	True	0.9934	0.0	
PQ654489.1	O	O	Sri Lanka	True	0.9984	0.001	
ON868565.1	O	O	Viet Nam	True	0.9957	0.0	
ON868553.1	O	O	Viet Nam	True	0.9957	0.0	
ON868561.1	O	O	Viet Nam	True	0.9944	0.0	
ON868556.1	O	O	Viet Nam	True	0.9956	0.0	
MT602083.1	O	O	Ethiopia	True	0.9912	0.002	
ON868562.1	O	O	Viet Nam	True	0.9959	0.0	
ON868572.1	O	O	Viet Nam	True	0.9955	0.0	
ON868558.1	O	O	Viet Nam	True	0.9956	0.0	
ON868578.1	O	O	Viet Nam	True	0.9957	0.0	
PP916192.1	O	O	Sri Lanka	True	1.0005	0.0001	
PP916198.1	O	O	Viet Nam	True	0.9943	0.0004	
PQ153285.1	O	O	Pakistan	True	1.0018	0.0007	
PP916193.1	O	O	Viet Nam	True	0.9985	0.0002	
KY234501.1	O	O	China	True	1.0032	0.0	
MF461724.1	O	O	China	True	1.0006	0.0	
MT340197.1	OTHER	A	Viet Nam	True	0.995	0.0006	
MT340198.1	OTHER	A	Viet Nam	True	0.995	0.0	
MT340199.1	OTHER	A	Viet Nam	True	0.9951	0.0	
MT340200.1	OTHER	A	Viet Nam	True	0.9949	0.0	
MT340201.1	OTHER	A	Viet Nam	True	0.9951	0.0	
MT340202.1	OTHER	A	Viet Nam	True	0.9948	0.0	
MT340203.1	OTHER	A	Viet Nam	True	0.995	0.0	
MT340225.1	OTHER	A	Viet Nam	True	0.9948	0.001	
MT340209.1	OTHER	A	Viet Nam	True	0.995	0.0016	
MT340204.1	OTHER	A	Viet Nam	True	0.9951	0.001	
MT340205.1	OTHER	A	Viet Nam	True	0.9951	0.0028	
MT340206.1	OTHER	A	Viet Nam	True	0.995	0.0009	
MT340211.1	OTHER	A	Viet Nam	True	0.995	0.0016	
MT340213.1	OTHER	A	Viet Nam	True	0.9951	0.0	
MT340214.1	OTHER	A	Viet Nam	True	0.9949	0.0016	
MT340215.1	OTHER	A	Viet Nam	True	0.9946	0.0016	
MT340210.1	OTHER	A	Viet Nam	True	0.995	0.0009	
MT340217.1	OTHER	A	Viet Nam	True	0.9945	0.0016	
MT340216.1	OTHER	A	Viet Nam	True	0.9937	0.0072	
MT340207.1	OTHER	A	Viet Nam	True	0.995	0.0016	
MT340219.1	OTHER	A	Viet Nam	True	0.9959	0.0006	
MT340212.1	OTHER	A	Viet Nam	True	0.995	0.0018	
MT340218.1	OTHER	A	Viet Nam	True	0.9962	0.0	
MT340208.1	OTHER	A	Viet Nam	True	0.9959	0.0007	
MT340220.1	OTHER	A	Viet Nam	True	0.9973	0.0005	
MT340221.1	OTHER	A	Viet Nam	True	0.9961	0.0005	
MT340222.1	OTHER	A	Viet Nam	True	0.9968	0.0006	
MT340223.1	OTHER	A	Viet Nam	True	0.9979	0.0006	
KM268899.1	SAT 1	SAT1	Tanzania	True	0.9939	0.0	
MN116689.1	SAT 1	SAT1	Kenya	True	0.9909	0.0	
MN116690.1	SAT 1	SAT1	Kenya	True	0.9911	0.0	
MN275118.1	SAT 1	SAT1	Cameroon	True	0.9951	0.0071	
MN275119.1	SAT 1	SAT1	Cameroon	True	0.9974	0.0056	
MN275120.1	SAT 1	SAT1	Cameroon	True	0.9967	0.0071	
MN275121.1	SAT 1	SAT1	Cameroon	True	0.9974	0.0005	
MN116691.1	SAT 1	SAT1	Kenya	True	0.9921	0.0	
KM268900.1	SAT 2	SAT2	Tanzania	True	0.9935	0.0	
JX014256.1	SAT 2	SAT2	Gaza Strip	True	0.9911	0.0031	
MN116692.1	SAT 2	SAT2	Kenya	True	0.9933	0.0	
KJ820999.1	SAT 3	SAT3	Uganda	True	0.9996	0.0011	
MT602086.1	SAT 1	SAT1	Tanzania	True	0.9935	0.0001	
PV524918.1	SAT 1	SAT1	Tanzania	True	0.991	0.0002	
OM863583.1	SAT 1	SAT1	Kenya	True	0.989	0.0001	
MT602085.1	SAT 1	SAT1	Kenya	True	0.991	0.0002	
MT602087.1	SAT 1	SAT1	Tanzania	True	0.9949	0.0004	
MT602088.1	SAT 1	SAT1	Tanzania	True	0.9943	0.0002	
OM562601.1	SAT 1	SAT1	Kenya	True	0.9909	0.0	
OM562602.1	SAT 1	SAT1	Kenya	True	0.9911	0.0	
MF678823.1	SAT 1	SAT1	Nigeria	True	1.001	0.0	
MF678824.1	SAT 1	SAT1	Nigeria	True	1.0013	0.0	
MF678825.1	SAT 1	SAT1	Nigeria	True	1.0011	0.0001	
MF678826.1	SAT 1	SAT1	Nigeria	True	1.0011	0.0	
MN103523.1	SAT 2	SAT2	Nigeria	True	0.986	0.0006	
MT602090.1	SAT 2	SAT2	Ethiopia	True	0.9753	0.0001	
PV524766.1	SAT 2	SAT2	Sudan	True	0.9756	0.0004	
MT602092.1	SAT 2	SAT2	Kenya	True	0.99	0.0004	
MT602089.1	SAT 2	SAT2	Egypt	True	0.9931	0.0001	
MT602091.1	SAT 2	SAT2	Ethiopia	True	0.9901	0.0032	
PV524765.1	SAT 2	SAT2	Namibia	True	0.9942	0.0012	
ON557390.1	SAT 3	SAT3	Zambia	True	0.9815	0.0022	
PV524768.1	SAT 3	SAT3	Zambia	True	0.9937	0.0001	
MG983736.1	O	O	United Arab Emirates	True	0.9978	0.0	
MG983737.1	O	O	United Arab Emirates	True	0.9971	0.0	
PV524747.1	O	O	Jordan	True	0.9984	0.0	
KU360085.1	Asia 1	ASIA1	China	True	1.0037	0.0	
KY444644.1	O	O	Thailand	True	0.9977	0.0	
KX162590.1	O	O	South Korea	True	0.9959	0.0	
MH845413.2	O	O	Viet Nam	True	0.9909	0.0001	
KY444647.1	O	O	Thailand	True	1.0043	0.0	
KY444646.1	O	O	Thailand	True	1.0032	0.0	
KY444645.1	O	O	Thailand	True	1.0004	0.0	
KY444648.1	O	O	Thailand	True	1.0043	0.0	
KY444649.1	O	O	Thailand	True	1.0045	0.0	
PQ619438.1	O	O	Bulgaria	True	0.9996	0.001	
KU204894.1	O	O	China	True	0.981	0.0	
MG983714.1	O	O	Nepal	True	0.986	0.0	
KY322674.1	O	O	South Korea	True	0.9949	0.0	
KX712091.1	O	O	Bangladesh	True	1.0006	0.0	
KY086465.1	O	O	South Korea	True	0.991	0.0001	
KY086466.1	O	O	South Korea	True	0.9915	0.0	
ON868622.1	O	O	Viet Nam	True	0.9798	0.0	
ON868623.1	O	O	Viet Nam	True	0.987	0.001	
MN250314.1	O	O	Viet Nam	True	0.9793	0.0	
ON868542.1	O	O	Viet Nam	True	0.9893	0.0015	
OK318513.1	O	O	Viet Nam	True	0.9788	0.0	
MN250315.1	O	O	Viet Nam	True	0.9788	0.0	
OK318515.1	O	O	Viet Nam	True	0.9773	0.0	
MN250316.1	O	O	Viet Nam	True	0.9773	0.0	
ON868521.1	O	O	Viet Nam	True	0.9933	0.0031	
ON868528.1	O	O	Viet Nam	True	0.9926	0.0	
OK318523.1	O	O	Viet Nam	True	0.9954	0.0	
OK318521.1	O	O	Viet Nam	True	0.9777	0.0	
MN250317.1	O	O	Viet Nam	True	0.9777	0.0	
OK318524.1	O	O	Viet Nam	True	0.989	0.0	
OK318525.1	O	O	Viet Nam	True	0.9894	0.0	
ON868611.1	O	O	Viet Nam	True	0.9954	0.0075	
ON868603.1	O	O	Viet Nam	True	0.9965	0.0075	
PV524751.1	O	O	Viet Nam	True	0.9968	0.0001	
ON868593.1	O	O	Viet Nam	True	0.9965	0.0075	
ON868598.1	O	O	Viet Nam	True	0.9963	0.0075	
OK318520.1	O	O	Viet Nam	True	0.9883	0.0	
OK318527.1	O	O	Viet Nam	True	0.9894	0.0	
ON868596.1	O	O	Viet Nam	True	0.9967	0.0075	
OK318528.1	O	O	Viet Nam	True	0.9887	0.0	
ON868592.1	O	O	Viet Nam	True	0.9967	0.0075	
ON868595.1	O	O	Viet Nam	True	0.9896	0.0028	
OK318529.1	O	O	Viet Nam	True	0.9893	0.0	
OK318511.1	O	O	Viet Nam	True	0.9894	0.0	
ON868616.1	O	O	Viet Nam	True	0.9952	0.0075	
OK318530.1	O	O	Viet Nam	True	0.9894	0.0	
OK318531.1	O	O	Viet Nam	True	0.9893	0.0	
OK318512.1	O	O	Viet Nam	True	0.9893	0.0	
OK318522.1	O	O	Viet Nam	True	0.9895	0.0	
ON868615.1	O	O	Viet Nam	True	0.9967	0.0075	
ON868601.1	O	O	Viet Nam	True	0.9906	0.0015	
OK318532.1	O	O	Viet Nam	True	0.9893	0.0	
ON868600.1	O	O	Viet Nam	True	0.9907	0.0015	
ON868604.1	O	O	Viet Nam	True	0.9968	0.0075	
OK318534.1	O	O	Viet Nam	True	0.9893	0.0	
OK318533.1	O	O	Viet Nam	True	0.9751	0.0139	
OK318542.1	O	O	Viet Nam	True	0.9894	0.0	
ON868613.1	O	O	Viet Nam	True	0.9957	0.0075	
OK318537.1	O	O	Viet Nam	True	0.9894	0.0	
ON868589.1	O	O	Viet Nam	True	0.9957	0.0073	
OK318543.1	O	O	Viet Nam	True	0.9894	0.0	
ON868602.1	O	O	Viet Nam	True	0.9905	0.0015	
ON868590.1	O	O	Viet Nam	True	0.9952	0.0072	
OK318538.1	O	O	Viet Nam	True	0.9896	0.0	
OK318535.1	O	O	Viet Nam	True	0.9781	0.0025	
ON868607.1	O	O	Viet Nam	True	0.9913	0.0015	
MN250318.1	O	O	Viet Nam	True	0.9781	0.0025	
OK318539.1	O	O	Viet Nam	True	0.9893	0.0	
OK318540.1	O	O	Viet Nam	True	0.9893	0.0	
ON868606.1	O	O	Viet Nam	True	0.9907	0.0015	
ON868599.1	O	O	Viet Nam	True	0.9905	0.0015	
ON868608.1	O	O	Viet Nam	True	0.9915	0.0015	
OK318541.1	O	O	Viet Nam	True	0.9854	0.0	
ON868594.1	O	O	Viet Nam	True	0.9903	0.0015	
ON868617.1	O	O	Viet Nam	True	0.9876	0.016	
ON868619.1	O	O	Viet Nam	True	0.989	0.0392	
ON868605.1	O	O	Viet Nam	True	0.9803	0.0186	
ON868612.1	O	O	Viet Nam	True	0.9927	0.0274	
ON868591.1	O	O	Viet Nam	True	0.9954	0.0073	
ON868552.1	O	O	Viet Nam	True	0.9956	0.0	
ON868609.1	O	O	Viet Nam	True	0.9935	0.0115	
ON868610.1	O	O	Viet Nam	True	0.9954	0.0072	
ON868620.1	O	O	Viet Nam	True	0.9814	0.0454	
ON868614.1	O	O	Viet Nam	True	0.9905	0.0015	
ON868597.1	O	O	Viet Nam	True	0.9952	0.0072	
ON868618.1	O	O	Viet Nam	True	0.9954	0.0073	
PV524745.1	O	O	Hong Kong	True	0.9956	0.0001	
KY234502.1	O	O	China	True	0.9917	0.0	
KX534089.1	O	O	South Korea	True	0.9982	0.0	
LC868350.1	SAT 1	SAT1	Iraq	True	0.9991	0.0	
LC771233.1	A	A	Iraq	True	0.9903	0.0	
PQ807429.1	Asia 1	ASIA1	Bangladesh	True	0.9998	0.0001	
PQ153287.1	O	O	Pakistan	True	1.0017	0.0009	
PQ807430.1	O	O	Bangladesh	True	1.0009	0.0	
PQ801122.1	O	O	Bangladesh	True	0.9993	0.0001	
PV446528.1	O	O	Germany	True	1.001	0.0	
LC897151.1	SAT 1	SAT1	Iraq	True	0.9994	0.0	
PP432645.1	SAT 2	SAT2	Iraq	True	0.9998	0.0006	
PP432646.1	SAT 2	SAT2	Iraq	True	0.9987	0.0034	
PP432650.1	SAT 2	SAT2	Iraq	True	0.9998	0.0002	
PQ654495.1	O	O	United Arab Emirates	True	1.0032	0.0005	
PQ654496.1	O	O	United Arab Emirates	True	1.0032	0.0005	
PQ654494.1	O	O	United Arab Emirates	True	1.0032	0.0005	
PP587765.1	O	O	Oman	True	0.9935	0.0	
PX114616.1	A	A	Egypt	True	0.9935	0.0	
PX114608.1	A	A	Egypt	True	1.0045	0.0	
PX114609.1	A	A	Egypt	True	1.0045	0.0	
PX114610.1	A	A	Egypt	True	1.0045	0.0	
PX114617.1	A	A	Egypt	True	0.9935	0.0	
PV612390.2	A	A	Bangladesh	True	0.992	0.0	
PX114611.1	A	A	Egypt	True	1.0045	0.0	
PX114612.1	A	A	Egypt	True	1.0045	0.0	
PX114613.1	A	A	Egypt	True	1.0045	0.0	
PX114615.1	A	A	Egypt	True	1.0045	0.0	
PX114614.1	A	A	Egypt	True	1.0045	0.0	
PV524754.1	A	A	Nepal	True	1.0004	0.008	
PV524753.1	A	A	Kenya	True	0.9955	0.0084	
PQ768021.1	A	A	India	True	0.9973	0.0018	
PQ768020.1	A	A	India	True	0.9948	0.0012	
PV524757.1	A	A	Pakistan	True	1.0002	0.0004	
PQ768022.1	A	A	India	True	0.9928	0.0007	
PV524759.1	Asia 1	ASIA1	Pakistan	True	0.9981	0.0001	
PV524746.1	O	O	Israel	True	0.9989	0.0005	
PV524742.1	O	O	Democratic Republic of the Congo	True	0.9892	0.0002	
PQ153286.1	O	O	Pakistan	True	1.0017	0.0009	
PQ654490.1	O	O	Nepal	True	1.0033	0.0001	
OP957418.1	O	O	Bangladesh	True	1.0012	0.0	
PQ654491.1	O	O	Nepal	True	1.0028	0.0005	
PQ654492.1	O	O	Nepal	True	1.0032	0.0009	
OP585403.1	O	O	Indonesia	True	1.0002	0.0001	
PP587766.1	O	O	Oman	True	0.9924	0.0	
PP587767.1	O	O	Oman	True	0.997	0.0	
PP587768.1	O	O	Oman	True	0.9956	0.0	
PP587769.1	O	O	Oman	True	0.997	0.0	
PP112252.1	SAT 2	SAT2	Jordan	True	0.9955	0.0	
PP112253.1	SAT 2	SAT2	Jordan	True	0.9977	0.0051	
PP112254.1	SAT 2	SAT2	Jordan	True	0.9976	0.0132	
PP112255.1	SAT 2	SAT2	Jordan	True	0.9973	0.0	
PP112256.1	SAT 2	SAT2	Jordan	True	0.9974	0.0	
PP112257.1	SAT 2	SAT2	Jordan	True	0.9974	0.0	
PP112258.1	SAT 2	SAT2	Jordan	True	0.9971	0.0165	
PP112259.1	SAT 2	SAT2	Jordan	True	0.9855	0.0	
PP112260.1	SAT 2	SAT2	Jordan	True	0.9976	0.0414	
PP112261.1	SAT 2	SAT2	Jordan	True	0.9976	0.0225	
LC770123.1	SAT 1	SAT1	Iraq	True	0.9978	0.0	
PV524917.1	SAT 1	SAT1	Qatar	True	0.9921	0.002	
LC917739.1	SAT 1	SAT1	Iraq	True	0.9994	0.0	
LC917740.1	SAT 1	SAT1	Iraq	True	0.9994	0.0	
LC917741.1	SAT 1	SAT1	Iraq	True	0.9994	0.0	
LC917742.1	SAT 1	SAT1	Iraq	True	0.9994	0.0	
LC917743.1	SAT 1	SAT1	Iraq	True	0.9994	0.0	
LC917744.1	SAT 1	SAT1	Iraq	True	0.9994	0.0	
LC868342.1	SAT 1	SAT1	Iraq	True	0.9991	0.0	
LC868343.1	SAT 1	SAT1	Iraq	True	0.9991	0.0	
LC868344.1	SAT 1	SAT1	Iraq	True	0.9991	0.0	
LC868345.1	SAT 1	SAT1	Iraq	True	0.9991	0.0	
LC868346.1	SAT 1	SAT1	Iraq	True	0.9991	0.0	
LC868347.1	SAT 1	SAT1	Iraq	True	0.9991	0.0	
LC868348.1	SAT 1	SAT1	Iraq	True	0.9991	0.0	
LC868349.1	SAT 1	SAT1	Iraq	True	0.9991	0.0	
LC917736.1	SAT 1	SAT1	Iraq	True	0.9994	0.0	
LC917737.1	SAT 1	SAT1	Iraq	True	0.9994	0.0	
LC917738.1	SAT 1	SAT1	Iraq	True	0.9994	0.0	
PV524767.1	SAT 2	SAT2	Zambia	True	0.9911	0.0005	
PV524762.1	SAT 2	SAT2	Nigeria	True	0.986	0.0	
OQ557397.1	SAT 2	SAT2	Ethiopia	True	0.9999	0.0007	
PQ587563.1	SAT 2	SAT2	Ethiopia	True	0.9971	0.0002	
PQ587564.1	SAT 2	SAT2	Ethiopia	True	0.9994	0.0001	
PQ587565.1	SAT 2	SAT2	Ethiopia	True	0.9983	0.0007	
PQ587566.1	SAT 2	SAT2	Ethiopia	True	0.9995	0.0004	
PQ587567.1	SAT 2	SAT2	Ethiopia	True	0.9999	0.0	
PQ587568.1	SAT 2	SAT2	Ethiopia	True	0.9999	0.0	
PQ587569.1	SAT 2	SAT2	Ethiopia	True	0.9961	0.001	
PQ587570.1	SAT 2	SAT2	Ethiopia	True	0.9982	0.0054	
PQ587571.1	SAT 2	SAT2	Ethiopia	True	0.9988	0.0015	
PQ587572.1	SAT 2	SAT2	Ethiopia	True	0.9996	0.0004	
PP432642.1	SAT 2	SAT2	Bahrain	True	0.9983	0.0004	
PP432643.1	SAT 2	SAT2	Bahrain	True	0.9999	0.0005	
PP432644.1	SAT 2	SAT2	Bahrain	True	0.9984	0.001	
PQ587573.1	SAT 2	SAT2	Ethiopia	True	0.9959	0.0006	
PQ587574.1	SAT 2	SAT2	Ethiopia	True	0.9998	0.004	
PP432651.1	SAT 2	SAT2	Jordan	True	0.9999	0.0001	
PP432652.1	SAT 2	SAT2	Jordan	True	0.9989	0.0005	
PP432647.1	SAT 2	SAT2	Iraq	True	0.9998	0.0002	
PP432653.1	SAT 2	SAT2	Jordan	True	0.9999	0.0	
PP432654.1	SAT 2	SAT2	Jordan	True	0.9985	0.0015	
PP432655.1	SAT 2	SAT2	Jordan	True	0.9985	0.0004	
PP432648.1	SAT 2	SAT2	Iraq	True	1.0	0.0001	
PP432649.1	SAT 2	SAT2	Iraq	True	0.9999	0.0	
PP432656.1	SAT 2	SAT2	Jordan	True	0.9983	0.0	
PP432657.1	SAT 2	SAT2	Turkey	True	0.9989	0.0001	
PP432658.1	SAT 2	SAT2	Turkey	True	0.9979	0.0007	
PP432659.1	SAT 2	SAT2	Turkey	True	0.9999	0.0	
PP432660.1	SAT 2	SAT2	Turkey	True	0.9989	0.0029	
PP432661.1	SAT 2	SAT2	Turkey	True	0.9988	0.0023	
PP432663.1	SAT 2	SAT2	Turkey	True	0.9985	0.0001	
PP432662.1	SAT 2	SAT2	Turkey	True	0.9978	0.0016	
PP432664.1	SAT 2	SAT2	Turkey	True	0.9985	0.0007	
PP432665.1	SAT 2	SAT2	Turkey	True	0.9976	0.0001	
PP432666.1	SAT 2	SAT2	Turkey	True	0.9985	0.0007	
PP432667.1	SAT 2	SAT2	Turkey	True	0.9987	0.0001	
PP432668.1	SAT 2	SAT2	Turkey	True	0.9999	0.0	
PP432669.1	SAT 2	SAT2	Turkey	True	0.9999	0.0002	
PP432670.1	SAT 2	SAT2	Turkey	True	0.9983	0.0009	
PP432671.1	SAT 2	SAT2	Turkey	True	0.9979	0.0001	
PP432672.1	SAT 2	SAT2	Turkey	True	0.9983	0.0017	
PP432673.1	SAT 2	SAT2	Turkey	True	0.997	0.0004	
PV524750.1	O	O	United Arab Emirates	True	0.9976	0.0001	
PQ654497.1	O	O	United Arab Emirates	True	1.0032	0.0005	
PQ654498.1	O	O	United Arab Emirates	True	1.003	0.0004	
PQ654493.1	O	O	Nepal	True	1.003	0.0007	
