Year,Countries Covered,Accessions,Total Genomes,Total G4 motifs,Mean ANI_DS,Mean G4-AMB,Mean ERI,Mean EWS,Smoothed EWS
2000,"China, India, Malaysia","DQ989304, DQ989317, HM854021, HQ412603, HQ632768",5,4.6,92.55,46.66,69.61,57.8,71.13
2001,"Argentina, Brazil, India, Ireland, Malaysia, United Kingdom","DQ404158, DQ404159, DQ404160, DQ404161, DQ404162, DQ404163, DQ404164, DQ404165, DQ404166, DQ404167, DQ404168, DQ404169, DQ404170, DQ404171, DQ404172, DQ404173, DQ404174, DQ404175, DQ404176, DQ404177, DQ404178, DQ404179, DQ404180, DQ989314, DQ989319, DQ989321, EF552688, EF552689, EF552690, EF552691, EF552692, EF552693, EF552694, EF552695, EF552696, EF552697, EU214601, FJ542365, FJ542366, FJ542367, FJ542368, FJ542369, FJ542370, FJ542371, FJ542372, HQ632769, KM257061, KM257062, KM257063, KM257064, KM257065, MN983153, OQ356340, OR338601, OR338602, OR338603, OR338604, OR338605, OR338606, OR338607, OR338608, OR338609, OR338610, OR338611, OR338612, OR338613, OR338614, OR338615, OR338616, OR338617, OR338618, OR338619, OR338620, OR338621",74,6.43,83.04,46.67,64.85,64.59,71.05
2002,"India, South Korea","DQ989311, DQ989318, DQ989320, DQ989322, DQ989323, KF694731, KF694732, KF694733, KF694734, KF694735, KF694736, KF694737, KF694738, KF694739, KF694740, KF694741, KF694742, KF694743, KF694744, KF694745, KF694746",21,5.71,83.4,46.67,65.04,61.09,65.48
2003,India,"HQ832579, HQ832580",2,1.5,94.88,53.32,74.1,44.55,61.92
2004,"Ethiopia, India, Kenya, Malaysia","HQ632770, HQ832581, HQ832582, KM268897, MH053311",5,3.4,88.86,42.66,65.76,49.88,66.5
2005,"China, Ethiopia, India, Malaysia, Pakistan","GU931682, HM008917, HQ632771, HQ832584, HQ832587, HQ832588, KT003716, KY446902, KY446903, MH053312, MN983154",11,4.36,87.82,42.43,65.12,54.38,71.11
2006,"China, Ethiopia, India, Pakistan, Uruguay","FJ906802, HQ631363, HQ832589, KC412634, KC462884, KY446901, MH053313, OQ356344",8,5.88,94.27,50.83,72.55,65.65,73.89
2007,"Ethiopia, India, Israel, Malaysia, United Kingdom","EU448371, EU448372, EU448373, EU448374, EU448375, EU448376, EU448377, EU448378, EU448379, EU448380, EU448381, FJ175661, FJ175662, FJ175663, FJ175664, FJ175665, FJ175666, HQ632772, HQ632773, HQ832590, JX570638, JX570639, JX570640, JX570641, JX570642, JX570643, JX570644, JX570645, JX570646, JX570647, JX570648, JX570649, JX570650, JX570651, JX570652, JX570653, JX570654, JX570655, KJ560276, KJ560277, KJ560278, KJ560279, KJ560280, KJ560281, KJ560282, KJ560283, KJ560284, KJ560285, KJ560286, KJ560287, KJ560288, KJ560289, KJ560290, KJ560291, KJ560292, KJ560293, KJ560294, KJ560295, KJ560296, KJ560297, KJ560298, KJ560299, KJ560300, KJ560301, KJ560302, KJ560303, KJ560304, KJ560305, KJ560306, KJ560307, KJ560308, KJ560309, MH053314",73,3.84,66.34,46.49,56.42,47.39,75.4
2008,"Egypt, India, Nepal, Pakistan","GU384682, GU384683, HQ832591, MG983704, MN983155, MN983156, OM455480, OQ356347, PQ768002, PQ768003, PQ768004",11,4.18,86.65,50.91,68.78,55.3,77.9
2009,"Bangladesh, Bhutan, India, Iran, Myanmar, Pakistan, South Africa, Thailand, Viet Nam, Zambia","GQ406247, GQ406248, GQ406249, GQ406250, GQ406251, GQ406252, HQ832592, KF112879, KF112880, KR108948, KR108949, KR108950, KU821592, MG983684, MG983687, MG983688, MG983692, MN983157, MN983158, OM455482, OM456138, PQ768006",22,5.09,89.69,61.83,75.76,63.33,79.61
2010,"Bulgaria, China, Hong Kong, India, Japan, Kenya, Mongolia, Namibia, Nepal, Pakistan, Russia, South Korea, Turkey, Zambia","HM229661, JN998085, JN998086, JQ973889, JX040485, JX040491, JX040492, JX040493, JX040494, JX040495, JX040496, JX040497, JX040498, KC588943, KF112881, KF112882, KF112883, KF112884, KF112885, KF112886, KF112887, KF112889, KF501486, KF501487, KF501488, KU821590, KU821591, LC036265, MG983705, MG983706, MN062585, MN389541, OM456144, OM456145, OM456146, OM456150, OM863582, OQ356349, PQ768007, PQ768008, PQ768009, PV524760",42,4.57,82.24,54.29,68.26,56.99,76.2
2011,"Bulgaria, China, India, Israel, North Korea, Pakistan, Turkey","JX040486, JX040487, JX040488, JX040489, JX040490, JX040499, JX040500, JX040501, JX066664, JX066665, KF112888, KY234501, MN227144, OM456139, OM456140, OM456141, OM456142, OM456147, OM471610, OM471664, OM471665, OM471666, OM471667, OM471674, OM471675, OM471676, PQ619438, PQ768010",28,4.14,83.36,47.38,65.37,53.4,72.35
2012,"Bhutan, Egypt, Gaza Strip, India, Kenya, Nepal, Pakistan, Tanzania","JX014256, KM268899, KM268900, MG983689, MG983707, MG983708, MG983709, MG983710, MT602086, OM455465, OM455466, OM455467, OM455468, OM455469, OM455470, OM455471, OM455472, OM455473, OM455474, OM455475, OM455476, OM455477, OM455478, OM455479, OM455481, OM455483, OM455484, OM456128, OM456129, OM456130, OM456131, OM456132, OM456133, OM456134, OM456135, OM456136, OM456137, OM456143, OM456148, OM456149, OM471611, OM471612, OM471613, OM471614, OM471615, OM471616, OM471617, OM471618, OM471619, OM471620, OM471621, OM471622, OM471623, OM471624, OM471625, OM471626, OM471627, OM471628, OM471629, OM471630, OM471631, OM471632, OM471633, OM471634, OM471635, OM471636, OM471637, OM471638, OM471639, OM471640, OM471641, OM471642, OM471643, OM471644, OM471645, OM471646, OM471647, OM471648, OM471649, OM471650, OM471651, OM471652, OM471653, OM471654, OM471655, OM471656, OM471657, OM471658, OM471659, OM471660, OM471661, OM471662, OM471663, OM471668, OM471669, OM471670, OM471671, OM471672, OM471673, OM471677, OM471678, OM471679, OM471680, OM863580, OM863581, PQ768011, PQ768012, PQ768013, PQ768014, PQ768015, PQ768016, PV524761, PV524918",113,4.7,93.22,54.81,74.02,60.5,75.06
2013,"Bangladesh, Bhutan, China, India, Kenya, Laos, Libya, Malaysia, Nepal, Nigeria, Russia, Saudi Arabia, Sri Lanka, Tanzania, Thailand, Turkey, Uganda, Viet Nam","KF985189, KJ206908, KJ206909, KJ206910, KJ608371, KJ754939, KJ820999, KJ825801, KJ825802, KJ825803, KJ825804, KJ825805, KJ825806, KJ825808, KJ825809, KM268895, KM268896, KM268898, KT968663, KU204894, KY322670, KY322676, KY322677, KY322678, KY322680, KY444644, MF782478, MG725872, MG983694, MG983695, MG983696, MG983697, MG983711, MG983712, MG983713, MG983714, MG983721, MG983722, MG983723, MG983724, MG983731, MK071699, MN095354, MN095355, MN095356, MN095357, MN095358, MN095359, MN095360, MN095361, MN095362, MN095363, MT602085, MT602087, OK422489, OK422491, OM863583, PQ474236, PQ474237, PQ474238, PQ474239, PQ474240, PQ768017, PQ768018",64,5.41,81.69,51.04,66.37,60.22,80.2
2014,"India, Kenya, Laos, Malaysia, Nepal, Nigeria, Russia, Saudi Arabia, South Korea, Sri Lanka, Tanzania, Thailand, Tunisia, United Arab Emirates, Viet Nam","KJ825807, KX162590, KY322671, KY322672, KY322673, KY322674, KY322675, KY322679, MG983715, MG983716, MG983725, MG983726, MG983732, MG983733, MG983734, MG983736, MG983737, MH845413, MN095364, MN095365, MN095366, MN095367, MN095368, MN095369, MN095370, MN095371, MN103523, MN116689, MN116690, MN116692, MN116693, MT602088, OM160610, OM160611, OM160612, OM160613, OM160614, OM160615, OM160616, OM160617, OM160618, OM160619, OM562601, OM562602, PQ474234, PQ474235",46,5.72,82.87,48.12,65.5,61.33,82.59
2015,"Bahrain, Bangladesh, China, Ethiopia, Iran, Malaysia, Morocco, Nepal, Nigeria, Saudi Arabia, Uganda, Viet Nam, Zambia","KU127247, KU291242, KU360085, KX712091, KY234502, MF678823, MF678824, MF678825, MF678826, MG725873, MG725874, MG725875, MG725876, MG983685, MG983686, MG983717, MG983718, MG983719, MG983727, MG983740, MT602081, MT602090, ON557390, ON784046, PP916195, PV524752",26,5.65,88.66,46.67,67.66,62.1,84.29
2016,"Bangladesh, Bhutan, Cameroon, Egypt, Ethiopia, India, Iran, Kenya, Malaysia, Mauritius, Myanmar, Nepal, Pakistan, Russia, Saudi Arabia, South Korea, Thailand, Uganda, United Arab Emirates, Viet Nam","KX534089, KY086465, KY086466, KY444645, KY444646, KY444647, KY444648, KY444649, MF372125, MG983690, MG983691, MG983698, MG983699, MG983700, MG983701, MG983702, MG983703, MG983720, MG983728, MG983729, MG983738, MG983739, MG983741, MH784403, MK088170, MK088171, MN116688, MN116691, MN116694, MN275118, MN275119, MN275120, MN275121, MT602082, MT863268, MT944980, MT944981, MT944982, MT944983, OK019689, OK318499, OK318551, OP136971, OQ745961, PP916189, PP916190, PP916196, PP916197",48,5.27,84.08,48.75,66.41,59.56,85.49
2017,"Algeria, China, Iran, Jordan, Kenya, Nepal, Pakistan, Saudi Arabia, South Korea, Sudan, Viet Nam","MF461724, MG913340, MG983730, MH784404, MH784405, MK940253, MN250314, MN853346, MT340197, MT340198, MT340199, MT340200, MT340201, MT340202, MT340203, MT602092, OK318500, OK318546, OK318547, OK318548, OK318549, OK318550, ON868519, ON868520, ON868522, ON868523, ON868579, ON868580, ON868584, ON868586, ON868587, ON868621, ON868622, ON868623, PP873338, PP873339, PP916191, PV524747, PV524758, PV524766",40,5.7,86.41,45.0,65.7,61.35,85.99
2018,"Bangladesh, Cambodia, Egypt, Ethiopia, Kenya, Sudan, Viet Nam, Zambia","MN250315, MN250316, MN250317, MN366244, MT340204, MT340205, MT340206, MT340207, MT340208, MT340209, MT340210, MT340211, MT340212, MT340213, MT340214, MT340215, MT340216, MT340217, MT340218, MT340219, MT340220, MT340221, MT340224, MT340225, MT602077, MT602079, MT602084, MT602089, MT602091, OK318511, OK318512, OK318513, OK318514, OK318515, OK318516, OK318517, OK318518, OK318519, OK318520, OK318521, OK318522, OK318523, OK318524, OK318525, OK318526, OK318527, OK318528, OK318529, OK318530, OK318531, OK318532, OK318536, OK318544, OK318545, ON868521, ON868524, ON868526, ON868527, ON868528, ON868529, ON868536, ON868538, ON868539, ON868542, ON868545, ON868547, ON868548, ON868549, ON868551, ON868555, ON868557, ON868560, ON868563, ON868564, ON868566, ON868568, ON868569, ON868571, ON868574, ON868581, ON868582, ON868592, ON868593, ON868595, ON868596, ON868598, ON868600, ON868601, ON868603, ON868604, ON868611, ON868615, ON868616, PV524741, PV524751, PV524768",96,5.74,88.02,48.61,68.32,62.86,88.51
2019,"Ethiopia, Hong Kong, India, Pakistan, South Korea, Sri Lanka, Uganda, Viet Nam","MN250318, MN953619, MN953620, MT340222, MT340223, MT602078, MT602080, MT602083, OK318501, OK318502, OK318503, OK318504, OK318505, OK318506, OK318507, OK318508, OK318509, OK318510, OK318533, OK318534, OK318535, OK318537, OK318538, OK318539, OK318540, OK318541, OK318542, OK318543, ON868552, ON868553, ON868556, ON868558, ON868561, ON868562, ON868565, ON868572, ON868578, ON868589, ON868590, ON868591, ON868594, ON868597, ON868599, ON868602, ON868605, ON868606, ON868607, ON868608, ON868609, ON868610, ON868612, ON868613, ON868614, ON868617, ON868618, ON868619, ON868620, PP873340, PP873341, PP873342, PP873343, PP873344, PP916192, PP916198, PQ654488, PQ654489, PQ768019, PV524745",68,4.88,89.64,48.23,68.93,58.88,88.05
2020,"Namibia, Nigeria, Pakistan, Viet Nam","PP916193, PQ153285, PQ662942, PQ662943, PQ662944, PQ662945, PQ662946, PQ662947, PV524755, PV524756, PV524765",11,5.36,95.53,39.4,67.47,60.55,81.63
2021,"Bangladesh, Democratic Republic of the Congo, India, Israel, Kenya, Nepal, Nigeria, Pakistan, United Arab Emirates, Zambia","OP957418, PQ153286, PQ153287, PQ654490, PQ654494, PQ654495, PQ654496, PQ654497, PQ654498, PQ768020, PQ768021, PV524742, PV524746, PV524750, PV524753, PV524754, PV524757, PV524759, PV524762, PV524767",20,5.85,85.32,48.0,66.66,62.58,76.87
2022,"Bahrain, Egypt, Ethiopia, India, Indonesia, Iraq, Nepal","OP585403, OQ557397, PP432642, PP432643, PP432644, PP432645, PP432646, PQ587563, PQ587564, PQ587565, PQ587566, PQ587567, PQ587568, PQ587569, PQ587570, PQ587571, PQ587572, PQ587573, PQ654491, PQ654492, PQ654493, PQ768022, PX114608, PX114609, PX114610, PX114616, PX114617",27,4.37,96.11,33.82,64.97,54.34,76.24
2023,"Ethiopia, Iraq, Jordan, Oman, Qatar, Turkey","LC770123, LC771233, LC897151, PP112252, PP112253, PP112254, PP112255, PP112256, PP112257, PP112258, PP112259, PP112260, PP112261, PP432647, PP432648, PP432649, PP432650, PP432651, PP432652, PP432653, PP432654, PP432655, PP432656, PP432657, PP432658, PP432659, PP432660, PP432661, PP432662, PP432663, PP432664, PP432665, PP432666, PP432667, PP432668, PP432669, PP432670, PP432671, PP432672, PP432673, PP587765, PP587766, PP587767, PP587768, PP587769, PQ587574, PV524917",47,2.6,100.0,21.0,60.5,43.23,75.14
2024,"Bangladesh, Egypt","PQ801122, PQ807429, PQ807430, PV612390, PX114611, PX114612",6,6.0,90.14,56.66,73.4,66.7,71.56
2025,"Egypt, Germany, Iraq","LC868342, LC868343, LC868344, LC868345, LC868346, LC868347, LC868348, LC868349, LC868350, LC917736, LC917737, LC917738, LC917739, LC917740, LC917741, LC917742, LC917743, LC917744, PV446528, PX114613, PX114614, PX114615",22,5.0,99.18,29.1,64.14,57.07,68.48
