NCBI Accesion ID,Country,Collection Date,G4 motifs (G4Hunter),G4motifs (pqsfinder),Total G4 motifs,Mean SSI score,Mean ANI Divergence score,Mean G4 AMB score,Max EWS score,Mean EWS score,smooted EWS score
OM471630,Pakistan,2012,4,1,5,50.0,95.7,59.999999999999986,74.55,60.5,75.06
KF501486,South Korea,2010,4,1,5,50.0,79.93,66.67844522968197,78.51,56.99,76.2
OR338619,Argentina,2001,5,3,8,80.0,95.52,59.999999999999986,79.15,64.59,71.05
OK318512,Viet Nam,2018,4,1,5,50.0,87.65,59.999999999999986,90.37,62.86,88.51
MN095359,India,2013,5,1,6,60.0,75.92,53.321554770318016,84.73,60.22,80.2
KY322675,Laos,2014,6,2,8,80.0,98.28,66.67844522968197,81.24,61.33,82.59
OM455480,Pakistan,2008,3,0,3,30.0,95.64,46.67844522968197,77.43,55.3,77.9
ON557390,Zambia,2015,4,1,5,50.0,100.0,53.321554770318016,83.23,62.1,84.29
OR338617,Argentina,2001,5,3,8,80.0,96.44,59.999999999999986,79.15,64.59,71.05
MK940253,Saudi Arabia,2017,4,2,6,60.0,93.39,40.0,80.0,61.35,85.99
PQ768010,India,2011,3,1,4,40.0,93.17,53.321554770318016,63.74,53.4,72.35
OM471650,Pakistan,2012,4,1,5,50.0,95.76,59.999999999999986,74.55,60.5,75.06
MK088171,Bangladesh,2016,4,1,5,50.0,93.57,59.999999999999986,90.0,59.56,85.49
MT340223,Viet Nam,2019,5,1,6,60.0,95.82,53.321554770318016,96.64,58.88,88.05
ON868619,Viet Nam,2019,1,0,1,10.0,100.0,46.67844522968197,96.64,58.88,88.05
OM456141,Pakistan,2011,2,1,3,30.0,75.15,40.0,63.74,53.4,72.35
JX570642,United Kingdom,2007,3,1,4,40.0,64.56,46.67844522968197,71.67,47.39,75.4
EF552689,United Kingdom,2001,4,2,6,60.0,75.79,40.0,79.15,64.59,71.05
OM863581,Kenya,2012,5,1,6,60.0,100.0,59.999999999999986,74.55,60.5,75.06
PX114616,Egypt,2022,5,2,7,70.0,93.94,53.321554770318016,76.97,54.34,76.24
OM471654,Pakistan,2012,4,1,5,50.0,96.95,59.999999999999986,74.55,60.5,75.06
JX570652,United Kingdom,2007,3,1,4,40.0,64.94,46.67844522968197,71.67,47.39,75.4
PP587767,Oman,2023,2,1,3,30.0,100.0,20.0,78.33,43.23,75.14
PP873339,South Korea,2017,4,1,5,50.0,76.27,33.32155477031801,80.0,61.35,85.99
GQ406249,Viet Nam,2009,6,1,7,70.0,98.28,93.35689045936394,84.88,63.33,79.61
OM160612,Tunisia,2014,4,3,7,70.0,75.56,40.0,81.24,61.33,82.59
ON868557,Viet Nam,2018,3,2,5,50.0,80.95,33.32155477031801,90.37,62.86,88.51
OK318521,Viet Nam,2018,5,3,8,80.0,100.0,53.321554770318016,90.37,62.86,88.51
JX040496,Turkey,2010,3,2,5,50.0,76.61,46.67844522968197,78.51,56.99,76.2
PP873338,South Korea,2017,4,1,5,50.0,76.27,33.32155477031801,80.0,61.35,85.99
PV524757,Pakistan,2021,4,2,6,60.0,96.88,53.321554770318016,73.99,62.58,76.87
PP432673,Turkey,2023,2,1,3,30.0,100.0,26.678445229681973,78.33,43.23,75.14
KJ560299,United Kingdom,2007,3,1,4,40.0,63.24000000000001,46.67844522968197,71.67,47.39,75.4
DQ989323,India,2002,3,0,3,30.0,97.1,66.67844522968197,66.53,61.09,65.48
JQ973889,China,2010,3,1,4,40.0,79.6,59.999999999999986,78.51,56.99,76.2
OK318536,Viet Nam,2018,5,2,7,70.0,80.91,46.67844522968197,90.37,62.86,88.51
PQ153287,Pakistan,2021,4,2,6,60.0,74.63,33.32155477031801,73.99,62.58,76.87
OM562602,Kenya,2014,2,1,3,30.0,100.0,20.0,81.24,61.33,82.59
OK318525,Viet Nam,2018,3,1,4,40.0,87.79,53.321554770318016,90.37,62.86,88.51
OM471672,Pakistan,2012,4,1,5,50.0,96.73,59.999999999999986,74.55,60.5,75.06
MN953620,Pakistan,2019,4,1,5,50.0,76.85,33.32155477031801,96.64,58.88,88.05
OM455476,Pakistan,2012,6,1,7,70.0,98.22,59.999999999999986,74.55,60.5,75.06
JX570651,United Kingdom,2007,3,1,4,40.0,64.86,46.67844522968197,71.67,47.39,75.4
OP585403,Indonesia,2022,6,1,7,70.0,78.21,53.321554770318016,76.97,54.34,76.24
PP432668,Turkey,2023,2,1,3,30.0,100.0,26.678445229681973,78.33,43.23,75.14
JX066664,Bulgaria,2011,3,2,5,50.0,77.6,46.67844522968197,63.74,53.4,72.35
MG983712,Nepal,2013,4,1,5,50.0,75.22,59.999999999999986,84.73,60.22,80.2
PQ768006,India,2009,3,1,4,40.0,95.24,59.999999999999986,84.88,63.33,79.61
PQ768009,India,2010,5,2,7,70.0,93.18,59.999999999999986,78.51,56.99,76.2
MG983713,Nepal,2013,4,1,5,50.0,74.53,59.999999999999986,84.73,60.22,80.2
OM471628,Pakistan,2012,4,1,5,50.0,93.25,59.999999999999986,74.55,60.5,75.06
MG983736,United Arab Emirates,2014,5,1,6,60.0,74.93,53.321554770318016,81.24,61.33,82.59
PP587765,Oman,2023,2,1,3,30.0,100.0,20.0,78.33,43.23,75.14
PP432643,Bahrain,2022,2,1,3,30.0,100.0,20.0,76.97,54.34,76.24
OM456139,Pakistan,2011,1,1,2,20.0,77.49,26.678445229681973,63.74,53.4,72.35
PQ654498,United Arab Emirates,2021,5,2,7,70.0,78.32,53.321554770318016,73.99,62.58,76.87
OR338621,Argentina,2001,5,3,8,80.0,96.37,59.999999999999986,79.15,64.59,71.05
MG983701,Mauritius,2016,4,1,5,50.0,75.33,46.67844522968197,90.0,59.56,85.49
KF112879,Thailand,2009,3,1,4,40.0,82.56,59.999999999999986,84.88,63.33,79.61
ON868547,Viet Nam,2018,5,2,7,70.0,78.79,46.67844522968197,90.37,62.86,88.51
KJ560280,United Kingdom,2007,3,1,4,40.0,63.39,46.67844522968197,71.67,47.39,75.4
PP432646,Iraq,2022,1,1,2,20.0,100.0,13.321554770318016,76.97,54.34,76.24
MG983733,Sri Lanka,2014,5,1,6,60.0,76.59,53.321554770318016,81.24,61.33,82.59
KF694732,South Korea,2002,4,2,6,60.0,78.37,40.0,66.53,61.09,65.48
JN998085,China,2010,4,1,5,50.0,79.25,66.67844522968197,78.51,56.99,76.2
MG983740,Viet Nam,2015,5,1,6,60.0,75.46,66.67844522968197,83.23,62.1,84.29
DQ404162,United Kingdom,2001,4,2,6,60.0,77.03,40.0,79.15,64.59,71.05
PP432655,Jordan,2023,1,1,2,20.0,100.0,13.321554770318016,78.33,43.23,75.14
ON868548,Viet Nam,2018,5,2,7,70.0,76.72,46.67844522968197,90.37,62.86,88.51
DQ404159,United Kingdom,2001,4,2,6,60.0,77.52,40.0,79.15,64.59,71.05
FJ542368,United Kingdom,2001,4,2,6,60.0,76.32,40.0,79.15,64.59,71.05
OK318519,Viet Nam,2018,5,2,7,70.0,79.15,46.67844522968197,90.37,62.86,88.51
OM471636,Pakistan,2012,5,1,6,60.0,95.17,66.67844522968197,74.55,60.5,75.06
ON868569,Viet Nam,2018,5,2,7,70.0,80.51,46.67844522968197,90.37,62.86,88.51
ON868611,Viet Nam,2018,4,1,5,50.0,91.34,53.321554770318016,90.37,62.86,88.51
PQ474236,Russia,2013,4,2,6,60.0,100.0,46.67844522968197,84.73,60.22,80.2
OK318543,Viet Nam,2019,3,1,4,40.0,87.87,53.321554770318016,96.64,58.88,88.05
JX570640,United Kingdom,2007,3,1,4,40.0,64.63,46.67844522968197,71.67,47.39,75.4
EU214601,United Kingdom,2001,4,2,6,60.0,76.25,40.0,79.15,64.59,71.05
DQ404166,United Kingdom,2001,4,2,6,60.0,76.47,40.0,79.15,64.59,71.05
OM471627,Pakistan,2012,5,1,6,60.0,95.5,66.67844522968197,74.55,60.5,75.06
PV524752,Iran,2015,4,1,5,50.0,100.0,59.999999999999986,83.23,62.1,84.29
MG983726,Saudi Arabia,2014,5,2,7,70.0,75.82,53.321554770318016,81.24,61.33,82.59
OM471646,Pakistan,2012,4,1,5,50.0,96.16,59.999999999999986,74.55,60.5,75.06
MN116694,Kenya,2016,2,0,2,20.0,79.48,26.678445229681973,90.0,59.56,85.49
MG983695,Libya,2013,4,2,6,60.0,75.98,53.321554770318016,84.73,60.22,80.2
ON868579,Viet Nam,2017,4,1,5,50.0,78.34,33.32155477031801,80.0,61.35,85.99
FJ906802,China,2006,5,2,7,70.0,96.99,53.321554770318016,79.52,65.65,73.89
PP432661,Turkey,2023,2,1,3,30.0,100.0,26.678445229681973,78.33,43.23,75.14
HQ832579,India,2003,1,1,2,20.0,94.29,53.321554770318016,46.9,44.55,61.92
ON868606,Viet Nam,2019,4,1,5,50.0,88.6,66.67844522968197,96.64,58.88,88.05
ON868617,Viet Nam,2019,1,0,1,10.0,94.29,40.0,96.64,58.88,88.05
KY322673,Malaysia,2014,5,1,6,60.0,83.93,66.67844522968197,81.24,61.33,82.59
FJ542369,United Kingdom,2001,4,2,6,60.0,76.25,40.0,79.15,64.59,71.05
JX040493,Turkey,2010,3,3,6,60.0,76.3,46.67844522968197,78.51,56.99,76.2
OM471615,Pakistan,2012,2,0,2,20.0,97.59,46.67844522968197,74.55,60.5,75.06
JX040495,Turkey,2010,3,2,5,50.0,76.46,46.67844522968197,78.51,56.99,76.2
OK318532,Viet Nam,2018,3,1,4,40.0,87.11,53.321554770318016,90.37,62.86,88.51
PQ662947,Nigeria,2020,4,3,7,70.0,100.0,46.67844522968197,76.67,60.55,81.63
OM471677,Pakistan,2012,3,1,4,40.0,95.45,46.67844522968197,74.55,60.5,75.06
OM455468,Pakistan,2012,3,2,5,50.0,98.68,53.321554770318016,74.55,60.5,75.06
PQ587573,Ethiopia,2022,2,1,3,30.0,100.0,20.0,76.97,54.34,76.24
LC897151,Iraq,2023,3,0,3,30.0,100.0,20.0,78.33,43.23,75.14
KY234501,China,2011,5,1,6,60.0,76.78,40.0,63.74,53.4,72.35
OK318529,Viet Nam,2018,3,1,4,40.0,87.57,59.999999999999986,90.37,62.86,88.51
MT944981,Iran,2016,5,1,6,60.0,77.73,46.67844522968197,90.0,59.56,85.49
MG983699,Mauritius,2016,4,0,4,40.0,78.51,46.67844522968197,90.0,59.56,85.49
PQ654489,Sri Lanka,2019,5,2,7,70.0,77.17,53.321554770318016,96.64,58.88,88.05
PP432669,Turkey,2023,2,1,3,30.0,100.0,26.678445229681973,78.33,43.23,75.14
OM471614,Pakistan,2012,3,1,4,40.0,94.29,53.321554770318016,74.55,60.5,75.06
PX114617,Egypt,2022,5,2,7,70.0,93.94,53.321554770318016,76.97,54.34,76.24
MT340210,Viet Nam,2018,4,2,6,60.0,96.4,40.0,90.37,62.86,88.51
MT340217,Viet Nam,2018,4,1,5,50.0,98.38,46.67844522968197,90.37,62.86,88.51
KF694733,South Korea,2002,5,2,7,70.0,78.9,46.67844522968197,66.53,61.09,65.48
MN250315,Viet Nam,2018,5,3,8,80.0,100.0,59.999999999999986,90.37,62.86,88.51
OK318526,Viet Nam,2018,5,2,7,70.0,80.09,46.67844522968197,90.37,62.86,88.51
OM471676,Pakistan,2011,4,1,5,50.0,92.94,59.999999999999986,63.74,53.4,72.35
OK019689,Iran,2016,5,1,6,60.0,77.75,46.67844522968197,90.0,59.56,85.49
MN095368,India,2014,6,1,7,70.0,78.86,59.999999999999986,81.24,61.33,82.59
PQ587574,Ethiopia,2023,1,1,2,20.0,100.0,13.321554770318016,78.33,43.23,75.14
OR338606,Argentina,2001,5,3,8,80.0,95.67,59.999999999999986,79.15,64.59,71.05
PQ587564,Ethiopia,2022,2,1,3,30.0,100.0,20.0,76.97,54.34,76.24
ON868556,Viet Nam,2019,5,2,7,70.0,77.38,46.67844522968197,96.64,58.88,88.05
JN998086,China,2010,3,1,4,40.0,79.85,66.67844522968197,78.51,56.99,76.2
PP112258,Jordan,2023,1,0,1,10.0,100.0,13.321554770318016,78.33,43.23,75.14
OK318504,Viet Nam,2019,4,1,5,50.0,100.0,33.32155477031801,96.64,58.88,88.05
GQ406251,Viet Nam,2009,6,1,7,70.0,98.74,93.35689045936394,84.88,63.33,79.61
GQ406248,Viet Nam,2009,6,1,7,70.0,99.04,93.35689045936394,84.88,63.33,79.61
ON868526,Viet Nam,2018,5,2,7,70.0,77.99,46.67844522968197,90.37,62.86,88.51
MT340204,Viet Nam,2018,5,1,6,60.0,96.4,59.999999999999986,90.37,62.86,88.51
PP916193,Viet Nam,2020,2,2,4,40.0,77.62,20.0,76.67,60.55,81.63
OM456144,Pakistan,2010,2,1,3,30.0,76.8,40.0,78.51,56.99,76.2
PX114611,Egypt,2024,5,1,6,60.0,100.0,53.321554770318016,70.33,66.7,71.56
MG983737,United Arab Emirates,2014,5,1,6,60.0,74.98,53.321554770318016,81.24,61.33,82.59
PP432656,Jordan,2023,2,1,3,30.0,100.0,20.0,78.33,43.23,75.14
MN983158,India,2009,4,1,5,50.0,76.45,59.999999999999986,84.88,63.33,79.61
DQ404172,United Kingdom,2001,4,2,6,60.0,76.4,40.0,79.15,64.59,71.05
PV524917,Qatar,2023,2,0,2,20.0,100.0,26.678445229681973,78.33,43.23,75.14
MN275118,Cameroon,2016,2,1,3,30.0,100.0,33.32155477031801,90.0,59.56,85.49
OQ557397,Ethiopia,2022,2,1,3,30.0,100.0,20.0,76.97,54.34,76.24
MT602080,Uganda,2019,6,1,7,70.0,100.0,59.999999999999986,96.64,58.88,88.05
KY086466,South Korea,2016,4,1,5,50.0,86.89,59.999999999999986,90.0,59.56,85.49
PP916190,Nepal,2016,4,1,5,50.0,77.09,33.32155477031801,90.0,59.56,85.49
LC868347,Iraq,2025,4,1,5,50.0,100.0,26.678445229681973,66.67,57.07,68.48
OM456136,Pakistan,2012,3,0,3,30.0,79.76,46.67844522968197,74.55,60.5,75.06
OK318548,Viet Nam,2017,5,2,7,70.0,76.96,46.67844522968197,80.0,61.35,85.99
PP873344,South Korea,2019,4,1,5,50.0,77.98,33.32155477031801,96.64,58.88,88.05
OK422489,India,2013,4,2,6,60.0,3.4300000000000006,40.0,84.73,60.22,80.2
PQ654488,Sri Lanka,2019,5,2,7,70.0,76.8,53.321554770318016,96.64,58.88,88.05
PP432657,Turkey,2023,2,1,3,30.0,100.0,26.678445229681973,78.33,43.23,75.14
MG983730,South Korea,2017,4,1,5,50.0,76.27,33.32155477031801,80.0,61.35,85.99
OM471662,Pakistan,2012,3,1,4,40.0,94.98,53.321554770318016,74.55,60.5,75.06
MT602087,Tanzania,2013,2,1,3,30.0,100.0,20.0,84.73,60.22,80.2
KF694738,South Korea,2002,4,2,6,60.0,78.37,40.0,66.53,61.09,65.48
KY444648,Thailand,2016,6,1,7,70.0,81.72,80.0,90.0,59.56,85.49
DQ404171,United Kingdom,2001,4,2,6,60.0,76.02,40.0,79.15,64.59,71.05
EF552692,United Kingdom,2001,4,2,6,60.0,76.32,40.0,79.15,64.59,71.05
KU291242,Morocco,2015,5,3,8,80.0,78.64,46.67844522968197,83.23,62.1,84.29
ON868561,Viet Nam,2019,5,2,7,70.0,78.47,46.67844522968197,96.64,58.88,88.05
ON868597,Viet Nam,2019,3,1,4,40.0,91.88,59.999999999999986,96.64,58.88,88.05
GQ406250,Viet Nam,2009,6,1,7,70.0,99.2,93.35689045936394,84.88,63.33,79.61
KJ560306,United Kingdom,2007,3,1,4,40.0,63.77,46.67844522968197,71.67,47.39,75.4
MG983694,Libya,2013,4,2,6,60.0,76.38,46.67844522968197,84.73,60.22,80.2
MN250314,Viet Nam,2017,5,3,8,80.0,100.0,59.999999999999986,80.0,61.35,85.99
ON868612,Viet Nam,2019,1,0,1,10.0,99.02,40.0,96.64,58.88,88.05
MG983708,Nepal,2012,5,1,6,60.0,75.65,66.67844522968197,74.55,60.5,75.06
OK318533,Viet Nam,2019,3,1,4,40.0,95.23,46.67844522968197,96.64,58.88,88.05
MG983704,Nepal,2008,3,1,4,40.0,75.24,53.321554770318016,77.43,55.3,77.9
JX040487,Bulgaria,2011,2,1,3,30.0,78.59,40.0,63.74,53.4,72.35
PV524751,Viet Nam,2018,3,1,4,40.0,89.41,46.67844522968197,90.37,62.86,88.51
ON868609,Viet Nam,2019,3,1,4,40.0,93.5,53.321554770318016,96.64,58.88,88.05
MN983157,India,2009,3,1,4,40.0,75.59,46.67844522968197,84.88,63.33,79.61
MN953619,Pakistan,2019,4,1,5,50.0,77.31,33.32155477031801,96.64,58.88,88.05
PQ662942,Nigeria,2020,3,3,6,60.0,100.0,40.0,76.67,60.55,81.63
PQ662943,Nigeria,2020,2,2,4,40.0,100.0,33.32155477031801,76.67,60.55,81.63
HQ832580,India,2003,1,0,1,10.0,95.48,53.321554770318016,46.9,44.55,61.92
KJ560286,United Kingdom,2007,3,1,4,40.0,63.32,46.67844522968197,71.67,47.39,75.4
LC917737,Iraq,2025,4,1,5,50.0,100.0,26.678445229681973,66.67,57.07,68.48
KU204894,China,2013,5,4,9,90.0,98.91,59.999999999999986,84.73,60.22,80.2
ON868584,Viet Nam,2017,5,1,6,60.0,81.94,59.999999999999986,80.0,61.35,85.99
ON868539,Viet Nam,2018,4,2,6,60.0,83.29,40.0,90.37,62.86,88.51
OM471648,Pakistan,2012,4,1,5,50.0,97.58,59.999999999999986,74.55,60.5,75.06
PQ619438,Bulgaria,2011,3,2,5,50.0,75.6,46.67844522968197,63.74,53.4,72.35
OR338612,Argentina,2001,5,3,8,80.0,95.36,59.999999999999986,79.15,64.59,71.05
KJ560298,United Kingdom,2007,3,1,4,40.0,63.93,46.67844522968197,71.67,47.39,75.4
MK088170,Bangladesh,2016,3,1,4,40.0,75.2,33.32155477031801,90.0,59.56,85.49
DQ989314,India,2001,3,0,3,30.0,97.49,66.67844522968197,79.15,64.59,71.05
PV524745,Hong Kong,2019,5,1,6,60.0,98.17,53.321554770318016,96.64,58.88,88.05
PV524766,Sudan,2017,5,2,7,70.0,100.0,33.32155477031801,80.0,61.35,85.99
PP432666,Turkey,2023,2,1,3,30.0,100.0,26.678445229681973,78.33,43.23,75.14
LC917742,Iraq,2025,4,1,5,50.0,100.0,26.678445229681973,66.67,57.07,68.48
MT340198,Viet Nam,2017,4,1,5,50.0,95.1,46.67844522968197,80.0,61.35,85.99
MN366244,Bangladesh,2018,7,2,9,90.0,94.81,86.67844522968198,90.37,62.86,88.51
DQ404174,Ireland,2001,4,2,6,60.0,76.17,40.0,79.15,64.59,71.05
MN250317,Viet Nam,2018,5,3,8,80.0,100.0,53.321554770318016,90.37,62.86,88.51
OK318517,Viet Nam,2018,5,2,7,70.0,78.08,53.321554770318016,90.37,62.86,88.51
KJ560291,United Kingdom,2007,3,1,4,40.0,63.54,46.67844522968197,71.67,47.39,75.4
ON868552,Viet Nam,2019,5,2,7,70.0,78.75,46.67844522968197,96.64,58.88,88.05
HQ632769,Malaysia,2001,4,1,5,50.0,79.66,33.32155477031801,79.15,64.59,71.05
KY446902,Pakistan,2005,3,1,4,40.0,93.17,40.0,65.65,54.38,71.11
KJ560281,United Kingdom,2007,3,1,4,40.0,63.54,46.67844522968197,71.67,47.39,75.4
OM456137,Pakistan,2012,2,1,3,30.0,76.27,33.32155477031801,74.55,60.5,75.06
KF985189,Bangladesh,2013,3,1,4,40.0,74.21,53.321554770318016,84.73,60.22,80.2
MG983691,Bhutan,2016,4,1,5,50.0,76.49,33.32155477031801,90.0,59.56,85.49
ON868580,Viet Nam,2017,4,1,5,50.0,78.72,33.32155477031801,80.0,61.35,85.99
PV524768,Zambia,2018,4,1,5,50.0,100.0,53.321554770318016,90.37,62.86,88.51
OM471656,Pakistan,2012,4,1,5,50.0,95.9,59.999999999999986,74.55,60.5,75.06
MN116690,Kenya,2014,2,1,3,30.0,100.0,20.0,81.24,61.33,82.59
KM257062,United Kingdom,2001,4,2,6,60.0,76.41,40.0,79.15,64.59,71.05
KX162590,South Korea,2014,4,1,5,50.0,85.82,59.999999999999986,81.24,61.33,82.59
MT340203,Viet Nam,2017,4,1,5,50.0,95.1,46.67844522968197,80.0,61.35,85.99
MG983692,Iran,2009,4,1,5,50.0,76.23,59.999999999999986,84.88,63.33,79.61
PQ654491,Nepal,2022,5,2,7,70.0,77.19,53.321554770318016,76.97,54.34,76.24
KJ560303,United Kingdom,2007,3,1,4,40.0,63.77,46.67844522968197,71.67,47.39,75.4
ON868598,Viet Nam,2018,3,1,4,40.0,91.78,46.67844522968197,90.37,62.86,88.51
ON868596,Viet Nam,2018,3,1,4,40.0,91.52,53.321554770318016,90.37,62.86,88.51
PQ768018,India,2013,5,3,8,80.0,94.86,53.321554770318016,84.73,60.22,80.2
KJ825802,India,2013,3,1,4,40.0,75.34,40.0,84.73,60.22,80.2
PQ654492,Nepal,2022,5,1,6,60.0,78.47,59.999999999999986,76.97,54.34,76.24
ON868602,Viet Nam,2019,3,1,4,40.0,88.77,53.321554770318016,96.64,58.88,88.05
KJ608371,Viet Nam,2013,5,1,6,60.0,98.93,53.321554770318016,84.73,60.22,80.2
ON868555,Viet Nam,2018,5,2,7,70.0,83.88,46.67844522968197,90.37,62.86,88.51
OM455483,Pakistan,2012,3,1,4,40.0,96.85,46.67844522968197,74.55,60.5,75.06
KJ560297,United Kingdom,2007,3,1,4,40.0,63.85000000000001,46.67844522968197,71.67,47.39,75.4
PX114614,Egypt,2025,5,1,6,60.0,100.0,46.67844522968197,66.67,57.07,68.48
HQ632772,Malaysia,2007,2,1,3,30.0,81.12,53.321554770318016,71.67,47.39,75.4
ON868523,Viet Nam,2017,5,2,7,70.0,78.74,53.321554770318016,80.0,61.35,85.99
PQ654496,United Arab Emirates,2021,5,2,7,70.0,77.25,53.321554770318016,73.99,62.58,76.87
ON868578,Viet Nam,2019,5,2,7,70.0,76.36,53.321554770318016,96.64,58.88,88.05
PQ768004,India,2008,3,1,4,40.0,94.79,46.67844522968197,77.43,55.3,77.9
PP432664,Turkey,2023,2,1,3,30.0,100.0,33.32155477031801,78.33,43.23,75.14
HM008917,China,2005,4,2,6,60.0,80.88,46.67844522968197,65.65,54.38,71.11
KF112881,Mongolia,2010,4,1,5,50.0,84.31,59.999999999999986,78.51,56.99,76.2
OM471667,Pakistan,2011,4,1,5,50.0,93.12,59.999999999999986,63.74,53.4,72.35
FJ175666,Israel,2007,2,0,2,20.0,77.88,40.0,71.67,47.39,75.4
EU448379,United Kingdom,2007,3,1,4,40.0,63.7,46.67844522968197,71.67,47.39,75.4
KY322677,Malaysia,2013,6,1,7,70.0,97.52,66.67844522968197,84.73,60.22,80.2
KT003716,Pakistan,2005,4,2,6,60.0,71.93,33.32155477031801,65.65,54.38,71.11
MG983720,Russia,2016,4,1,5,50.0,76.27,33.32155477031801,90.0,59.56,85.49
KF112888,North Korea,2011,2,1,3,30.0,83.38,53.321554770318016,63.74,53.4,72.35
DQ404169,United Kingdom,2001,4,2,6,60.0,76.18,40.0,79.15,64.59,71.05
MG983700,Mauritius,2016,4,1,5,50.0,79.65,46.67844522968197,90.0,59.56,85.49
DQ989318,India,2002,3,0,3,30.0,97.98,66.67844522968197,66.53,61.09,65.48
JX040492,Turkey,2010,3,2,5,50.0,76.99,46.67844522968197,78.51,56.99,76.2
MN275120,Cameroon,2016,2,1,3,30.0,100.0,33.32155477031801,90.0,59.56,85.49
MN389541,China,2010,5,2,7,70.0,78.93,80.0,78.51,56.99,76.2
PQ474235,Russia,2014,4,1,5,50.0,100.0,46.67844522968197,81.24,61.33,82.59
KF694740,South Korea,2002,5,2,7,70.0,79.06,46.67844522968197,66.53,61.09,65.48
KM268900,Tanzania,2012,3,1,4,40.0,100.0,33.32155477031801,74.55,60.5,75.06
PP112259,Jordan,2023,0,0,0,0.0,100.0,6.678445229681978,78.33,43.23,75.14
MT602084,Kenya,2018,5,1,6,60.0,81.43,46.67844522968197,90.37,62.86,88.51
EF552695,United Kingdom,2001,4,2,6,60.0,76.4,40.0,79.15,64.59,71.05
KM257065,United Kingdom,2001,4,2,6,60.0,77.48,40.0,79.15,64.59,71.05
ON868615,Viet Nam,2018,3,1,4,40.0,91.0,53.321554770318016,90.37,62.86,88.51
OM471645,Pakistan,2012,5,1,6,60.0,95.62,66.67844522968197,74.55,60.5,75.06
OM471657,Pakistan,2012,5,1,6,60.0,94.93,66.67844522968197,74.55,60.5,75.06
OM471661,Pakistan,2012,4,1,5,50.0,94.86,59.999999999999986,74.55,60.5,75.06
ON868600,Viet Nam,2018,3,1,4,40.0,87.82,53.321554770318016,90.37,62.86,88.51
OK318545,Viet Nam,2018,4,3,7,70.0,78.2,40.0,90.37,62.86,88.51
HQ832588,India,2005,1,1,2,20.0,94.28,33.32155477031801,65.65,54.38,71.11
MG983711,Nepal,2013,5,1,6,60.0,75.05,53.321554770318016,84.73,60.22,80.2
LC770123,Iraq,2023,4,1,5,50.0,100.0,26.678445229681973,78.33,43.23,75.14
MT602077,Ethiopia,2018,5,1,6,60.0,100.0,59.999999999999986,90.37,62.86,88.51
ON868601,Viet Nam,2018,4,2,6,60.0,89.0,59.999999999999986,90.37,62.86,88.51
OR338604,Argentina,2001,5,3,8,80.0,95.84,59.999999999999986,79.15,64.59,71.05
OM471652,Pakistan,2012,2,0,2,20.0,98.95,46.67844522968197,74.55,60.5,75.06
MG983739,United Arab Emirates,2016,4,1,5,50.0,76.32,33.32155477031801,90.0,59.56,85.49
MG983707,Nepal,2012,5,2,7,70.0,74.63,59.999999999999986,74.55,60.5,75.06
MN275119,Cameroon,2016,2,1,3,30.0,100.0,33.32155477031801,90.0,59.56,85.49
PP873343,South Korea,2019,4,1,5,50.0,77.67,33.32155477031801,96.64,58.88,88.05
KR108948,South Africa,2009,1,1,2,20.0,100.0,26.678445229681973,84.88,63.33,79.61
KX534089,South Korea,2016,4,1,5,50.0,86.82,59.999999999999986,90.0,59.56,85.49
OK318514,Viet Nam,2018,4,2,6,60.0,77.92,40.0,90.37,62.86,88.51
OM471651,Pakistan,2012,4,1,5,50.0,97.74,59.999999999999986,74.55,60.5,75.06
MT602081,Ethiopia,2015,4,1,5,50.0,81.42,46.67844522968197,83.23,62.1,84.29
OK318502,Viet Nam,2019,4,1,5,50.0,100.0,33.32155477031801,96.64,58.88,88.05
OM471637,Pakistan,2012,4,1,5,50.0,95.51,59.999999999999986,74.55,60.5,75.06
PQ654490,Nepal,2021,5,2,7,70.0,77.24,53.321554770318016,73.99,62.58,76.87
EU448380,United Kingdom,2007,3,1,4,40.0,63.77,46.67844522968197,71.67,47.39,75.4
ON868558,Viet Nam,2019,5,2,7,70.0,77.07,59.999999999999986,96.64,58.88,88.05
KJ560301,United Kingdom,2007,3,1,4,40.0,63.7,46.67844522968197,71.67,47.39,75.4
KF112889,Hong Kong,2010,2,1,3,30.0,82.92,53.321554770318016,78.51,56.99,76.2
MN095362,India,2013,5,1,6,60.0,75.4,53.321554770318016,84.73,60.22,80.2
HQ832592,India,2009,2,0,2,20.0,95.08,33.32155477031801,84.88,63.33,79.61
OP957418,Bangladesh,2021,6,2,8,80.0,75.95,59.999999999999986,73.99,62.58,76.87
KY322671,Malaysia,2014,4,1,5,50.0,78.87,53.321554770318016,81.24,61.33,82.59
KF112880,Myanmar,2009,2,1,3,30.0,82.24,53.321554770318016,84.88,63.33,79.61
PV524759,Pakistan,2021,4,1,5,50.0,92.43,59.999999999999986,73.99,62.58,76.87
OM456143,Pakistan,2012,3,0,3,30.0,81.2,46.67844522968197,74.55,60.5,75.06
FJ175663,Israel,2007,2,0,2,20.0,77.96,40.0,71.67,47.39,75.4
EU448372,United Kingdom,2007,3,1,4,40.0,63.24000000000001,46.67844522968197,71.67,47.39,75.4
DQ404165,United Kingdom,2001,4,2,6,60.0,76.47,40.0,79.15,64.59,71.05
MN095361,India,2013,4,1,5,50.0,77.46,46.67844522968197,84.73,60.22,80.2
HQ632768,Malaysia,2000,4,2,6,60.0,79.09,40.0,68.01,57.8,71.13
OK318518,Viet Nam,2018,5,3,8,80.0,77.74,46.67844522968197,90.37,62.86,88.51
MG983687,Bhutan,2009,5,2,7,70.0,74.56,66.67844522968197,84.88,63.33,79.61
OM471660,Pakistan,2012,3,1,4,40.0,96.01,46.67844522968197,74.55,60.5,75.06
OM471639,Pakistan,2012,3,1,4,40.0,96.5,53.321554770318016,74.55,60.5,75.06
OK318505,Viet Nam,2019,4,1,5,50.0,100.0,40.0,96.64,58.88,88.05
MG983697,Libya,2013,4,2,6,60.0,75.5,46.67844522968197,84.73,60.22,80.2
JX040491,Turkey,2010,4,2,6,60.0,76.46,53.321554770318016,78.51,56.99,76.2
MT340202,Viet Nam,2017,4,1,5,50.0,94.81,46.67844522968197,80.0,61.35,85.99
KJ825806,India,2013,4,0,4,40.0,75.85,46.67844522968197,84.73,60.22,80.2
PP432663,Turkey,2023,2,1,3,30.0,100.0,26.678445229681973,78.33,43.23,75.14
PP432671,Turkey,2023,2,1,3,30.0,100.0,26.678445229681973,78.33,43.23,75.14
OK318510,Viet Nam,2019,3,1,4,40.0,100.0,40.0,96.64,58.88,88.05
KJ825803,India,2013,5,0,5,50.0,74.59,59.999999999999986,84.73,60.22,80.2
OK318537,Viet Nam,2019,2,1,3,30.0,87.87,46.67844522968197,96.64,58.88,88.05
PV446528,Germany,2025,4,2,6,60.0,82.06,46.67844522968197,66.67,57.07,68.48
DQ989319,India,2001,3,0,3,30.0,97.25,73.321554770318,79.15,64.59,71.05
OM471663,Pakistan,2012,3,1,4,40.0,95.04,53.321554770318016,74.55,60.5,75.06
KY322676,Malaysia,2013,4,1,5,50.0,100.0,46.67844522968197,84.73,60.22,80.2
KR108949,South Africa,2009,3,1,4,40.0,100.0,33.32155477031801,84.88,63.33,79.61
OM562601,Kenya,2014,2,1,3,30.0,100.0,20.0,81.24,61.33,82.59
OM471659,Pakistan,2012,5,1,6,60.0,94.58,66.67844522968197,74.55,60.5,75.06
MH053313,Ethiopia,2006,4,2,6,60.0,83.77,53.321554770318016,79.52,65.65,73.89
OM471620,Pakistan,2012,4,1,5,50.0,93.66,53.321554770318016,74.55,60.5,75.06
OK318535,Viet Nam,2019,4,2,6,60.0,100.0,53.321554770318016,96.64,58.88,88.05
OM455472,Pakistan,2012,4,1,5,50.0,96.17,59.999999999999986,74.55,60.5,75.06
PQ654497,United Arab Emirates,2021,5,2,7,70.0,78.31,53.321554770318016,73.99,62.58,76.87
OM456149,Pakistan,2012,2,0,2,20.0,80.34,40.0,74.55,60.5,75.06
OM471670,Pakistan,2012,2,0,2,20.0,95.9,40.0,74.55,60.5,75.06
PQ768021,India,2021,4,2,6,60.0,95.19,46.67844522968197,73.99,62.58,76.87
KJ206909,Libya,2013,3,2,5,50.0,77.03,40.0,84.73,60.22,80.2
KM257063,United Kingdom,2001,4,2,6,60.0,76.41,40.0,79.15,64.59,71.05
OK318527,Viet Nam,2018,3,1,4,40.0,87.87,53.321554770318016,90.37,62.86,88.51
PV524767,Zambia,2021,2,1,3,30.0,100.0,20.0,73.99,62.58,76.87
MN853346,Iran,2017,5,2,7,70.0,95.71,59.999999999999986,80.0,61.35,85.99
MG983689,Bhutan,2012,4,1,5,50.0,75.15,53.321554770318016,74.55,60.5,75.06
PP587766,Oman,2023,2,1,3,30.0,100.0,20.0,78.33,43.23,75.14
PQ654493,Nepal,2022,5,2,7,70.0,78.7,53.321554770318016,76.97,54.34,76.24
LC917741,Iraq,2025,4,1,5,50.0,100.0,26.678445229681973,66.67,57.07,68.48
KF694745,South Korea,2002,5,2,7,70.0,79.13,46.67844522968197,66.53,61.09,65.48
OM455466,Pakistan,2012,4,2,6,60.0,96.02,53.321554770318016,74.55,60.5,75.06
ON868519,Viet Nam,2017,5,2,7,70.0,78.58,53.321554770318016,80.0,61.35,85.99
MG725873,Nigeria,2015,4,2,6,60.0,100.0,40.0,83.23,62.1,84.29
MG983731,Sri Lanka,2013,4,1,5,50.0,74.58,46.67844522968197,84.73,60.22,80.2
KY444647,Thailand,2016,6,1,7,70.0,81.71,80.0,90.0,59.56,85.49
PP432648,Iraq,2023,2,1,3,30.0,100.0,20.0,78.33,43.23,75.14
KY446903,Pakistan,2005,4,2,6,60.0,73.1,33.32155477031801,65.65,54.38,71.11
OR338616,Argentina,2001,5,3,8,80.0,96.61,59.999999999999986,79.15,64.59,71.05
OM471631,Pakistan,2012,4,1,5,50.0,95.69,59.999999999999986,74.55,60.5,75.06
HQ832590,India,2007,1,0,1,10.0,92.28,40.0,71.67,47.39,75.4
PQ768015,India,2012,5,1,6,60.0,93.55,73.321554770318,74.55,60.5,75.06
PP916197,Thailand,2016,6,1,7,70.0,82.84,80.0,90.0,59.56,85.49
OM455465,Pakistan,2012,4,2,6,60.0,96.65,53.321554770318016,74.55,60.5,75.06
ON868520,Viet Nam,2017,5,2,7,70.0,77.85,53.321554770318016,80.0,61.35,85.99
ON868560,Viet Nam,2018,5,2,7,70.0,78.41,46.67844522968197,90.37,62.86,88.51
ON868610,Viet Nam,2019,3,1,4,40.0,91.8,53.321554770318016,96.64,58.88,88.05
PV524742,Democratic Republic of the Congo,2021,6,1,7,70.0,80.89,59.999999999999986,73.99,62.58,76.87
DQ404180,United Kingdom,2001,4,2,6,60.0,75.94,40.0,79.15,64.59,71.05
OM471618,Pakistan,2012,5,1,6,60.0,94.47,66.67844522968197,74.55,60.5,75.06
PQ587570,Ethiopia,2022,1,1,2,20.0,100.0,13.321554770318016,76.97,54.34,76.24
OM456145,Pakistan,2010,2,1,3,30.0,75.58,40.0,78.51,56.99,76.2
HM229661,Hong Kong,2010,3,2,5,50.0,82.26,59.999999999999986,78.51,56.99,76.2
MG983732,Sri Lanka,2014,5,1,6,60.0,75.21,53.321554770318016,81.24,61.33,82.59
JX040486,Bulgaria,2011,2,1,3,30.0,78.44,40.0,63.74,53.4,72.35
OK318506,Viet Nam,2019,4,1,5,50.0,100.0,33.32155477031801,96.64,58.88,88.05
LC868344,Iraq,2025,4,1,5,50.0,100.0,26.678445229681973,66.67,57.07,68.48
MN095357,India,2013,5,1,6,60.0,75.02,53.321554770318016,84.73,60.22,80.2
KF694731,South Korea,2002,4,2,6,60.0,78.6,40.0,66.53,61.09,65.48
KF501487,South Korea,2010,4,1,5,50.0,79.09,66.67844522968197,78.51,56.99,76.2
PV524918,Tanzania,2012,2,1,3,30.0,100.0,26.678445229681973,74.55,60.5,75.06
KJ560290,United Kingdom,2007,3,1,4,40.0,63.54,46.67844522968197,71.67,47.39,75.4
MH784404,Pakistan,2017,4,1,5,50.0,74.04,33.32155477031801,80.0,61.35,85.99
OQ356344,Uruguay,2006,2,1,3,30.0,88.29,33.32155477031801,79.52,65.65,73.89
EU448378,United Kingdom,2007,3,1,4,40.0,63.470000000000006,46.67844522968197,71.67,47.39,75.4
OM160614,Tunisia,2014,4,3,7,70.0,76.03,40.0,81.24,61.33,82.59
ON868538,Viet Nam,2018,4,2,6,60.0,78.76,40.0,90.37,62.86,88.51
JX040485,Bulgaria,2010,2,2,4,40.0,77.22,40.0,78.51,56.99,76.2
OM471616,Pakistan,2012,4,1,5,50.0,93.53,59.999999999999986,74.55,60.5,75.06
EF552690,United Kingdom,2001,4,2,6,60.0,76.09,40.0,79.15,64.59,71.05
HQ632773,Malaysia,2007,5,1,6,60.0,100.0,66.67844522968197,71.67,47.39,75.4
KJ820999,Uganda,2013,3,1,4,40.0,100.0,40.0,84.73,60.22,80.2
MN116692,Kenya,2014,1,0,1,10.0,100.0,26.678445229681973,81.24,61.33,82.59
MF372125,India,2016,7,3,10,100.0,100.0,59.999999999999986,90.0,59.56,85.49
PP916191,Nepal,2017,4,1,5,50.0,76.26,33.32155477031801,80.0,61.35,85.99
PP432642,Bahrain,2022,3,1,4,40.0,100.0,26.678445229681973,76.97,54.34,76.24
PP432650,Iraq,2023,2,1,3,30.0,100.0,20.0,78.33,43.23,75.14
JX040497,Turkey,2010,3,1,4,40.0,76.61,46.67844522968197,78.51,56.99,76.2
KM257064,United Kingdom,2001,4,2,6,60.0,77.01,40.0,79.15,64.59,71.05
MG983685,Bahrain,2015,4,1,5,50.0,75.85,46.67844522968197,83.23,62.1,84.29
OM471632,Pakistan,2012,4,1,5,50.0,95.63,59.999999999999986,74.55,60.5,75.06
ON868604,Viet Nam,2018,4,2,6,60.0,92.13,59.999999999999986,90.37,62.86,88.51
JX570645,United Kingdom,2007,3,1,4,40.0,65.09,46.67844522968197,71.67,47.39,75.4
MG983710,Nepal,2012,4,1,5,50.0,75.85,53.321554770318016,74.55,60.5,75.06
OM471612,Pakistan,2012,4,1,5,50.0,93.88,59.999999999999986,74.55,60.5,75.06
PV524755,Nigeria,2020,6,1,7,70.0,100.0,66.67844522968197,76.67,60.55,81.63
MG983706,Nepal,2010,7,1,8,80.0,74.04,80.0,78.51,56.99,76.2
MT340207,Viet Nam,2018,4,1,5,50.0,96.33,40.0,90.37,62.86,88.51
OM456146,Pakistan,2010,2,1,3,30.0,75.52,40.0,78.51,56.99,76.2
KY444644,Thailand,2013,4,1,5,50.0,79.07,59.999999999999986,84.73,60.22,80.2
DQ404175,United Kingdom,2001,4,2,6,60.0,76.25,40.0,79.15,64.59,71.05
PP112254,Jordan,2023,0,0,0,0.0,100.0,6.678445229681978,78.33,43.23,75.14
OQ356340,Brazil,2001,4,1,5,50.0,89.15,33.32155477031801,79.15,64.59,71.05
OK318516,Viet Nam,2018,5,2,7,70.0,78.9,46.67844522968197,90.37,62.86,88.51
OK318515,Viet Nam,2018,4,3,7,70.0,100.0,53.321554770318016,90.37,62.86,88.51
OM471643,Pakistan,2012,4,1,5,50.0,94.9,59.999999999999986,74.55,60.5,75.06
JX066665,Bulgaria,2011,3,2,5,50.0,77.83,46.67844522968197,63.74,53.4,72.35
KF501488,South Korea,2010,4,1,5,50.0,79.48,66.67844522968197,78.51,56.99,76.2
MN095354,India,2013,5,2,7,70.0,74.75,53.321554770318016,84.73,60.22,80.2
MT340211,Viet Nam,2018,3,1,4,40.0,98.32,33.32155477031801,90.37,62.86,88.51
PQ587569,Ethiopia,2022,2,1,3,30.0,100.0,20.0,76.97,54.34,76.24
KU127247,Saudi Arabia,2015,4,2,6,60.0,93.39,40.0,83.23,62.1,84.29
FJ542371,United Kingdom,2001,4,2,6,60.0,76.63,40.0,79.15,64.59,71.05
PQ474239,Russia,2013,3,1,4,40.0,94.09,46.67844522968197,84.73,60.22,80.2
MG983723,Saudi Arabia,2013,4,2,6,60.0,76.24,46.67844522968197,84.73,60.22,80.2
PP432662,Turkey,2023,2,1,3,30.0,100.0,26.678445229681973,78.33,43.23,75.14
KJ560288,United Kingdom,2007,3,1,4,40.0,63.54,46.67844522968197,71.67,47.39,75.4
GU384682,Pakistan,2008,2,1,3,30.0,74.94,40.0,77.43,55.3,77.9
PQ768019,India,2019,4,1,5,50.0,98.67,59.999999999999986,96.64,58.88,88.05
OM456130,Pakistan,2012,3,1,4,40.0,78.87,40.0,74.55,60.5,75.06
KJ825805,India,2013,4,0,4,40.0,75.61,46.67844522968197,84.73,60.22,80.2
MT602082,Ethiopia,2016,2,0,2,20.0,82.44,59.999999999999986,90.0,59.56,85.49
PQ587572,Ethiopia,2022,4,1,5,50.0,100.0,33.32155477031801,76.97,54.34,76.24
PV524761,Egypt,2012,4,1,5,50.0,100.0,26.678445229681973,74.55,60.5,75.06
KM268897,Kenya,2004,2,1,3,30.0,94.83,33.32155477031801,76.94,49.88,66.5
EU448376,United Kingdom,2007,3,1,4,40.0,63.39,46.67844522968197,71.67,47.39,75.4
MT602090,Ethiopia,2015,6,2,8,80.0,100.0,53.321554770318016,83.23,62.1,84.29
OM471642,Pakistan,2012,5,1,6,60.0,95.75,66.67844522968197,74.55,60.5,75.06
JX570638,United Kingdom,2007,3,1,4,40.0,64.48,46.67844522968197,71.67,47.39,75.4
MT340206,Viet Nam,2018,4,1,5,50.0,94.95,40.0,90.37,62.86,88.51
OK318524,Viet Nam,2018,3,1,4,40.0,87.21,53.321554770318016,90.37,62.86,88.51
PV524754,Nepal,2021,5,1,6,60.0,100.0,66.67844522968197,73.99,62.58,76.87
PQ801122,Bangladesh,2024,4,1,5,50.0,75.89,53.321554770318016,70.33,66.7,71.56
MT602079,Sudan,2018,6,1,7,70.0,100.0,46.67844522968197,90.37,62.86,88.51
OR338610,Argentina,2001,5,3,8,80.0,95.74,59.999999999999986,79.15,64.59,71.05
LC868348,Iraq,2025,4,1,5,50.0,100.0,26.678445229681973,66.67,57.07,68.48
KJ560279,United Kingdom,2007,3,1,4,40.0,63.32,46.67844522968197,71.67,47.39,75.4
PQ474237,Russia,2013,4,1,5,50.0,95.7,53.321554770318016,84.73,60.22,80.2
OR338608,Argentina,2001,5,3,8,80.0,95.6,59.999999999999986,79.15,64.59,71.05
ON868623,Viet Nam,2017,5,3,8,80.0,100.0,59.999999999999986,80.0,61.35,85.99
PV524747,Jordan,2017,4,1,5,50.0,77.26,40.0,80.0,61.35,85.99
OM456131,Pakistan,2012,2,1,3,30.0,78.93,40.0,74.55,60.5,75.06
DQ404163,United Kingdom,2001,4,2,6,60.0,77.26,40.0,79.15,64.59,71.05
FJ542372,United Kingdom,2001,4,2,6,60.0,76.32,40.0,79.15,64.59,71.05
MG983690,Bhutan,2016,4,1,5,50.0,78.6,53.321554770318016,90.0,59.56,85.49
MG983702,Mauritius,2016,4,1,5,50.0,74.88,46.67844522968197,90.0,59.56,85.49
ON868542,Viet Nam,2018,3,1,4,40.0,77.25,33.32155477031801,90.37,62.86,88.51
KF694734,South Korea,2002,5,2,7,70.0,78.9,46.67844522968197,66.53,61.09,65.48
FJ175664,Israel,2007,2,0,2,20.0,77.89,40.0,71.67,47.39,75.4
OK318544,Viet Nam,2018,4,3,7,70.0,79.4,46.67844522968197,90.37,62.86,88.51
KF112884,Russia,2010,5,1,6,60.0,82.8,66.67844522968197,78.51,56.99,76.2
JX040489,Bulgaria,2011,2,1,3,30.0,78.44,40.0,63.74,53.4,72.35
LC917739,Iraq,2025,4,1,5,50.0,100.0,26.678445229681973,66.67,57.07,68.48
OQ356349,Kenya,2010,3,0,3,30.0,95.29,46.67844522968197,78.51,56.99,76.2
MT602078,Ethiopia,2019,4,2,6,60.0,100.0,46.67844522968197,96.64,58.88,88.05
KJ560304,United Kingdom,2007,3,1,4,40.0,63.7,46.67844522968197,71.67,47.39,75.4
KM268899,Tanzania,2012,2,1,3,30.0,100.0,26.678445229681973,74.55,60.5,75.06
ON868553,Viet Nam,2019,4,2,6,60.0,80.89,46.67844522968197,96.64,58.88,88.05
ON868614,Viet Nam,2019,3,1,4,40.0,88.77,46.67844522968197,96.64,58.88,88.05
HQ832591,India,2008,1,0,1,10.0,95.12,33.32155477031801,77.43,55.3,77.9
JX040490,Bulgaria,2011,2,2,4,40.0,78.13,40.0,63.74,53.4,72.35
EF552696,United Kingdom,2001,4,2,6,60.0,76.55,40.0,79.15,64.59,71.05
MT340199,Viet Nam,2017,4,1,5,50.0,95.47,40.0,80.0,61.35,85.99
KU821591,Zambia,2010,4,1,5,50.0,78.65,40.0,78.51,56.99,76.2
KY322674,South Korea,2014,3,1,4,40.0,86.66,53.321554770318016,81.24,61.33,82.59
MT340218,Viet Nam,2018,4,1,5,50.0,98.2,46.67844522968197,90.37,62.86,88.51
OK318501,Viet Nam,2019,8,2,10,100.0,99.88,86.67844522968198,96.64,58.88,88.05
DQ404176,United Kingdom,2001,4,2,6,60.0,76.02,40.0,79.15,64.59,71.05
PQ768016,India,2012,4,1,5,50.0,93.1,59.999999999999986,74.55,60.5,75.06
KY322680,Viet Nam,2013,6,1,7,70.0,97.4,66.67844522968197,84.73,60.22,80.2
ON868616,Viet Nam,2018,3,1,4,40.0,91.27,53.321554770318016,90.37,62.86,88.51
OM456142,Pakistan,2011,2,1,3,30.0,74.13,40.0,63.74,53.4,72.35
OM471633,Pakistan,2012,5,1,6,60.0,95.14,66.67844522968197,74.55,60.5,75.06
MT340221,Viet Nam,2018,4,1,5,50.0,96.07,46.67844522968197,90.37,62.86,88.51
OK318541,Viet Nam,2019,3,1,4,40.0,87.84,46.67844522968197,96.64,58.88,88.05
ON868605,Viet Nam,2019,1,0,1,10.0,94.75,40.0,96.64,58.88,88.05
JX570653,United Kingdom,2007,3,1,4,40.0,65.09,46.67844522968197,71.67,47.39,75.4
PP432652,Jordan,2023,2,1,3,30.0,100.0,20.0,78.33,43.23,75.14
ON868568,Viet Nam,2018,4,2,6,60.0,78.69,46.67844522968197,90.37,62.86,88.51
MF678823,Nigeria,2015,3,1,4,40.0,100.0,40.0,83.23,62.1,84.29
OM455475,Pakistan,2012,4,2,6,60.0,96.45,59.999999999999986,74.55,60.5,75.06
KJ206910,Saudi Arabia,2013,4,2,6,60.0,77.64,53.321554770318016,84.73,60.22,80.2
MN227144,India,2011,4,1,5,50.0,100.0,53.321554770318016,63.74,53.4,72.35
DQ404168,United Kingdom,2001,4,2,6,60.0,76.32,40.0,79.15,64.59,71.05
KY322672,Malaysia,2014,4,1,5,50.0,78.23,59.999999999999986,81.24,61.33,82.59
MT340216,Viet Nam,2018,3,1,4,40.0,98.91,46.67844522968197,90.37,62.86,88.51
DQ404178,United Kingdom,2001,4,2,6,60.0,75.94,40.0,79.15,64.59,71.05
OK318520,Viet Nam,2018,3,1,4,40.0,88.21,53.321554770318016,90.37,62.86,88.51
KU821590,Namibia,2010,3,1,4,40.0,100.0,53.321554770318016,78.51,56.99,76.2
LC917743,Iraq,2025,3,1,4,40.0,100.0,20.0,66.67,57.07,68.48
KJ825807,India,2014,4,0,4,40.0,75.08,46.67844522968197,81.24,61.33,82.59
OM160613,Tunisia,2014,4,3,7,70.0,75.72,40.0,81.24,61.33,82.59
MG983719,Nepal,2015,3,1,4,40.0,76.45,26.678445229681973,83.23,62.1,84.29
MG983727,Saudi Arabia,2015,3,1,4,40.0,77.17,26.678445229681973,83.23,62.1,84.29
MT340213,Viet Nam,2018,5,2,7,70.0,96.33,46.67844522968197,90.37,62.86,88.51
ON868545,Viet Nam,2018,5,2,7,70.0,78.31,46.67844522968197,90.37,62.86,88.51
MG983686,Bahrain,2015,4,1,5,50.0,76.59,53.321554770318016,83.23,62.1,84.29
PQ587567,Ethiopia,2022,2,1,3,30.0,100.0,20.0,76.97,54.34,76.24
MG725875,Nigeria,2015,4,2,6,60.0,100.0,40.0,83.23,62.1,84.29
OK422491,India,2013,6,2,8,80.0,18.04,66.67844522968197,84.73,60.22,80.2
FJ542366,United Kingdom,2001,4,2,6,60.0,76.32,40.0,79.15,64.59,71.05
OM160610,Tunisia,2014,4,3,7,70.0,75.79,40.0,81.24,61.33,82.59
PP112253,Jordan,2023,0,0,0,0.0,100.0,6.678445229681978,78.33,43.23,75.14
HM854021,India,2000,3,1,4,40.0,94.78,46.67844522968197,68.01,57.8,71.13
MT944983,Iran,2016,5,1,6,60.0,77.76,46.67844522968197,90.0,59.56,85.49
MT602086,Tanzania,2012,2,1,3,30.0,100.0,26.678445229681973,74.55,60.5,75.06
HQ832582,India,2004,1,1,2,20.0,96.71,40.0,76.94,49.88,66.5
KC412634,China,2006,6,2,8,80.0,98.08,59.999999999999986,79.52,65.65,73.89
JX040494,Turkey,2010,3,2,5,50.0,76.53,46.67844522968197,78.51,56.99,76.2
MT602088,Tanzania,2014,2,1,3,30.0,100.0,26.678445229681973,81.24,61.33,82.59
PP432672,Turkey,2023,2,1,3,30.0,100.0,26.678445229681973,78.33,43.23,75.14
KF112885,Japan,2010,2,1,3,30.0,81.91,53.321554770318016,78.51,56.99,76.2
PV524765,Namibia,2020,4,1,5,50.0,100.0,40.0,76.67,60.55,81.63
OR338614,Argentina,2001,5,3,8,80.0,95.9,59.999999999999986,79.15,64.59,71.05
OM160615,Tunisia,2014,4,3,7,70.0,76.49,40.0,81.24,61.33,82.59
MG983716,Nepal,2014,5,1,6,60.0,76.19,46.67844522968197,81.24,61.33,82.59
OK318507,Viet Nam,2019,4,1,5,50.0,100.0,33.32155477031801,96.64,58.88,88.05
PQ662945,Nigeria,2020,2,2,4,40.0,100.0,26.678445229681973,76.67,60.55,81.63
PQ587568,Ethiopia,2022,2,1,3,30.0,100.0,26.678445229681973,76.97,54.34,76.24
PQ654494,United Arab Emirates,2021,5,2,7,70.0,77.25,53.321554770318016,73.99,62.58,76.87
DQ989304,India,2000,3,0,3,30.0,95.05,33.32155477031801,68.01,57.8,71.13
PV524746,Israel,2021,4,1,5,50.0,79.57,46.67844522968197,73.99,62.58,76.87
KJ560308,United Kingdom,2007,3,1,4,40.0,63.85000000000001,46.67844522968197,71.67,47.39,75.4
KJ560296,United Kingdom,2007,3,1,4,40.0,63.470000000000006,46.67844522968197,71.67,47.39,75.4
ON868589,Viet Nam,2019,3,1,4,40.0,91.99,46.67844522968197,96.64,58.88,88.05
PQ587565,Ethiopia,2022,2,1,3,30.0,100.0,20.0,76.97,54.34,76.24
OM471622,Pakistan,2012,4,1,5,50.0,94.42,59.999999999999986,74.55,60.5,75.06
LC868342,Iraq,2025,4,1,5,50.0,100.0,26.678445229681973,66.67,57.07,68.48
LC771233,Iraq,2023,6,2,8,80.0,100.0,53.321554770318016,78.33,43.23,75.14
MH053311,Ethiopia,2004,6,2,8,80.0,81.08,66.67844522968197,76.94,49.88,66.5
MN250318,Viet Nam,2019,4,2,6,60.0,100.0,53.321554770318016,96.64,58.88,88.05
ON868595,Viet Nam,2018,3,1,4,40.0,89.54,53.321554770318016,90.37,62.86,88.51
MN095356,India,2013,5,1,6,60.0,75.22,53.321554770318016,84.73,60.22,80.2
PQ654495,United Arab Emirates,2021,5,2,7,70.0,77.25,53.321554770318016,73.99,62.58,76.87
ON868527,Viet Nam,2018,5,2,7,70.0,77.66,46.67844522968197,90.37,62.86,88.51
PP112255,Jordan,2023,2,1,3,30.0,100.0,20.0,78.33,43.23,75.14
MN116689,Kenya,2014,2,1,3,30.0,100.0,20.0,81.24,61.33,82.59
OM455470,Pakistan,2012,4,1,5,50.0,98.09,66.67844522968197,74.55,60.5,75.06
MN095365,India,2014,6,1,7,70.0,75.68,59.999999999999986,81.24,61.33,82.59
MG983721,Saudi Arabia,2013,5,2,7,70.0,75.58,59.999999999999986,84.73,60.22,80.2
MT340224,Viet Nam,2018,4,2,6,60.0,97.58,40.0,90.37,62.86,88.51
PP432654,Jordan,2023,1,1,2,20.0,100.0,13.321554770318016,78.33,43.23,75.14
PX114608,Egypt,2022,5,1,6,60.0,100.0,53.321554770318016,76.97,54.34,76.24
ON868581,Viet Nam,2018,5,2,7,70.0,76.08,40.0,90.37,62.86,88.51
GU931682,China,2005,4,2,6,60.0,95.92,46.67844522968197,65.65,54.38,71.11
PP916198,Viet Nam,2019,2,1,3,30.0,88.77,46.67844522968197,96.64,58.88,88.05
JX570641,United Kingdom,2007,3,1,4,40.0,64.48,46.67844522968197,71.67,47.39,75.4
PP432667,Turkey,2023,2,1,3,30.0,100.0,26.678445229681973,78.33,43.23,75.14
JX570648,United Kingdom,2007,3,1,4,40.0,64.63,46.67844522968197,71.67,47.39,75.4
JX040499,Turkey,2011,3,2,5,50.0,77.83,46.67844522968197,63.74,53.4,72.35
OM863582,Kenya,2010,2,1,3,30.0,100.0,20.0,78.51,56.99,76.2
OR338605,Argentina,2001,5,3,8,80.0,95.44,59.999999999999986,79.15,64.59,71.05
OM471624,Pakistan,2012,5,1,6,60.0,93.96,66.67844522968197,74.55,60.5,75.06
KF694741,South Korea,2002,4,2,6,60.0,78.61,40.0,66.53,61.09,65.48
JX570650,United Kingdom,2007,3,1,4,40.0,64.78,46.67844522968197,71.67,47.39,75.4
PQ807429,Bangladesh,2024,5,1,6,60.0,94.66,66.67844522968197,70.33,66.7,71.56
OM863580,Egypt,2012,4,2,6,60.0,100.0,53.321554770318016,74.55,60.5,75.06
LC868350,Iraq,2025,3,1,4,40.0,100.0,20.0,66.67,57.07,68.48
ON868593,Viet Nam,2018,3,1,4,40.0,91.77,46.67844522968197,90.37,62.86,88.51
FJ542370,United Kingdom,2001,4,2,6,60.0,76.17,40.0,79.15,64.59,71.05
MH053312,Ethiopia,2005,2,1,3,30.0,86.17,20.0,65.65,54.38,71.11
KJ825809,India,2013,4,0,4,40.0,75.01,46.67844522968197,84.73,60.22,80.2
OP136971,Uganda,2016,7,1,8,80.0,100.0,73.321554770318,90.0,59.56,85.49
PP873341,South Korea,2019,4,1,5,50.0,77.37,33.32155477031801,96.64,58.88,88.05
ON868590,Viet Nam,2019,3,1,4,40.0,91.73,46.67844522968197,96.64,58.88,88.05
KJ560302,United Kingdom,2007,3,1,4,40.0,63.7,46.67844522968197,71.67,47.39,75.4
MN095363,India,2013,3,1,4,40.0,78.92,40.0,84.73,60.22,80.2
OM160619,Tunisia,2014,5,3,8,80.0,76.57,46.67844522968197,81.24,61.33,82.59
KF694736,South Korea,2002,4,2,6,60.0,78.52,40.0,66.53,61.09,65.48
ON868566,Viet Nam,2018,5,2,7,70.0,78.8,46.67844522968197,90.37,62.86,88.51
OM471680,Pakistan,2012,2,0,2,20.0,95.67,40.0,74.55,60.5,75.06
ON868603,Viet Nam,2018,3,1,4,40.0,91.16,53.321554770318016,90.37,62.86,88.51
PP432647,Iraq,2023,2,1,3,30.0,100.0,20.0,78.33,43.23,75.14
KJ825808,India,2013,5,0,5,50.0,75.61,59.999999999999986,84.73,60.22,80.2
MG983698,Mauritius,2016,3,1,4,40.0,76.48,40.0,90.0,59.56,85.49
KJ560284,United Kingdom,2007,3,1,4,40.0,63.39,46.67844522968197,71.67,47.39,75.4
JX570644,United Kingdom,2007,3,1,4,40.0,64.63,46.67844522968197,71.67,47.39,75.4
DQ404161,United Kingdom,2001,4,2,6,60.0,77.12,40.0,79.15,64.59,71.05
OR338611,Argentina,2001,5,3,8,80.0,95.9,59.999999999999986,79.15,64.59,71.05
OM471625,Pakistan,2012,5,1,6,60.0,95.03,66.67844522968197,74.55,60.5,75.06
MT340201,Viet Nam,2017,4,1,5,50.0,95.7,40.0,80.0,61.35,85.99
OM455482,Pakistan,2009,3,1,4,40.0,95.59,46.67844522968197,84.88,63.33,79.61
OK318523,Viet Nam,2018,5,2,7,70.0,80.23,46.67844522968197,90.37,62.86,88.51
OM455467,Pakistan,2012,4,2,6,60.0,96.46,59.999999999999986,74.55,60.5,75.06
MT340215,Viet Nam,2018,4,1,5,50.0,97.67,46.67844522968197,90.37,62.86,88.51
MT340219,Viet Nam,2018,4,1,5,50.0,98.85,46.67844522968197,90.37,62.86,88.51
PP873342,South Korea,2019,4,1,5,50.0,78.21,33.32155477031801,96.64,58.88,88.05
MF461724,China,2017,4,1,5,50.0,76.1,33.32155477031801,80.0,61.35,85.99
MT340212,Viet Nam,2018,5,1,6,60.0,97.25,59.999999999999986,90.37,62.86,88.51
KJ560277,United Kingdom,2007,3,1,4,40.0,63.39,46.67844522968197,71.67,47.39,75.4
OK318539,Viet Nam,2019,3,1,4,40.0,88.03,46.67844522968197,96.64,58.88,88.05
KY322678,Malaysia,2013,5,1,6,60.0,99.65,53.321554770318016,84.73,60.22,80.2
PP432644,Bahrain,2022,2,1,3,30.0,100.0,20.0,76.97,54.34,76.24
HQ631363,China,2006,4,2,6,60.0,95.83,46.67844522968197,79.52,65.65,73.89
MN095358,India,2013,5,1,6,60.0,76.25,53.321554770318016,84.73,60.22,80.2
PP916196,Malaysia,2016,3,1,4,40.0,81.55,46.67844522968197,90.0,59.56,85.49
PQ662946,Nigeria,2020,4,3,7,70.0,100.0,40.0,76.67,60.55,81.63
OM455471,Pakistan,2012,4,1,5,50.0,97.98,66.67844522968197,74.55,60.5,75.06
KJ560293,United Kingdom,2007,3,1,4,40.0,63.62,46.67844522968197,71.67,47.39,75.4
KY322679,Thailand,2014,6,2,8,80.0,97.66,59.999999999999986,81.24,61.33,82.59
PP587769,Oman,2023,2,1,3,30.0,100.0,20.0,78.33,43.23,75.14
OM456140,Pakistan,2011,2,1,3,30.0,74.28,40.0,63.74,53.4,72.35
PQ662944,Nigeria,2020,2,2,4,40.0,100.0,26.678445229681973,76.67,60.55,81.63
PP112260,Jordan,2023,0,0,0,0.0,100.0,6.678445229681978,78.33,43.23,75.14
JX014256,Gaza Strip,2012,4,1,5,50.0,100.0,26.678445229681973,74.55,60.5,75.06
LC868349,Iraq,2025,4,1,5,50.0,100.0,26.678445229681973,66.67,57.07,68.48
HQ632770,Malaysia,2004,2,1,3,30.0,76.66,40.0,76.94,49.88,66.5
JX570649,United Kingdom,2007,3,1,4,40.0,64.86,46.67844522968197,71.67,47.39,75.4
OM471647,Pakistan,2012,4,1,5,50.0,97.9,53.321554770318016,74.55,60.5,75.06
OQ745961,Thailand,2016,3,1,4,40.0,99.35,40.0,90.0,59.56,85.49
MH053314,Ethiopia,2007,4,1,5,50.0,79.38,46.67844522968197,71.67,47.39,75.4
OK318542,Viet Nam,2019,3,1,4,40.0,87.25,53.321554770318016,96.64,58.88,88.05
MT340200,Viet Nam,2017,4,1,5,50.0,94.03,46.67844522968197,80.0,61.35,85.99
EF552691,United Kingdom,2001,4,2,6,60.0,76.25,40.0,79.15,64.59,71.05
OR338602,Argentina,2001,5,3,8,80.0,95.6,59.999999999999986,79.15,64.59,71.05
ON868572,Viet Nam,2019,5,2,7,70.0,76.93,53.321554770318016,96.64,58.88,88.05
DQ404170,United Kingdom,2001,4,2,6,60.0,76.47,40.0,79.15,64.59,71.05
ON868620,Viet Nam,2019,1,0,1,10.0,100.0,40.0,96.64,58.88,88.05
OK318540,Viet Nam,2019,3,1,4,40.0,87.72,46.67844522968197,96.64,58.88,88.05
FJ175662,Israel,2007,2,0,2,20.0,77.43,40.0,71.67,47.39,75.4
ON868599,Viet Nam,2019,3,1,4,40.0,88.84,46.67844522968197,96.64,58.88,88.05
OM863583,Kenya,2013,2,1,3,30.0,100.0,20.0,84.73,60.22,80.2
MN983155,India,2008,6,1,7,70.0,74.22,66.67844522968197,77.43,55.3,77.9
MN062585,Turkey,2010,3,2,5,50.0,75.77,46.67844522968197,78.51,56.99,76.2
MF678825,Nigeria,2015,3,2,5,50.0,100.0,40.0,83.23,62.1,84.29
JX040501,Israel,2011,3,2,5,50.0,77.22,46.67844522968197,63.74,53.4,72.35
OM471619,Pakistan,2012,5,1,6,60.0,95.02,66.67844522968197,74.55,60.5,75.06
HQ832589,India,2006,2,0,2,20.0,95.51,46.67844522968197,79.52,65.65,73.89
EU448375,United Kingdom,2007,3,1,4,40.0,63.54,46.67844522968197,71.67,47.39,75.4
MF678824,Nigeria,2015,3,1,4,40.0,100.0,40.0,83.23,62.1,84.29
ON868562,Viet Nam,2019,5,2,7,70.0,76.44,46.67844522968197,96.64,58.88,88.05
MN275121,Cameroon,2016,3,1,4,40.0,100.0,40.0,90.0,59.56,85.49
PQ768020,India,2021,4,2,6,60.0,95.05,66.67844522968197,73.99,62.58,76.87
KM268895,Turkey,2013,4,1,5,50.0,75.27,59.999999999999986,84.73,60.22,80.2
PQ153285,Pakistan,2020,4,2,6,60.0,76.27,46.67844522968197,76.67,60.55,81.63
KF694744,South Korea,2002,5,2,7,70.0,79.44,46.67844522968197,66.53,61.09,65.48
OM456128,Pakistan,2012,3,1,4,40.0,78.41,40.0,74.55,60.5,75.06
ON868528,Viet Nam,2018,4,2,6,60.0,78.15,40.0,90.37,62.86,88.51
PX114613,Egypt,2025,5,1,6,60.0,100.0,46.67844522968197,66.67,57.07,68.48
ON868621,Viet Nam,2017,5,1,6,60.0,100.0,66.67844522968197,80.0,61.35,85.99
OM455477,Pakistan,2012,4,1,5,50.0,98.28,53.321554770318016,74.55,60.5,75.06
OM456148,Pakistan,2012,2,0,2,20.0,80.5,40.0,74.55,60.5,75.06
KF694737,South Korea,2002,5,2,7,70.0,78.9,46.67844522968197,66.53,61.09,65.48
OK318538,Viet Nam,2019,4,1,5,50.0,87.71,66.67844522968197,96.64,58.88,88.05
KU821592,Zambia,2009,4,1,5,50.0,100.0,46.67844522968197,84.88,63.33,79.61
MT944982,Iran,2016,5,1,6,60.0,77.8,46.67844522968197,90.0,59.56,85.49
PQ768007,India,2010,2,1,3,30.0,95.92,46.67844522968197,78.51,56.99,76.2
PP916189,Nepal,2016,4,1,5,50.0,75.9,33.32155477031801,90.0,59.56,85.49
ON868586,Viet Nam,2017,5,1,6,60.0,80.31,59.999999999999986,80.0,61.35,85.99
MG983709,Nepal,2012,5,1,6,60.0,75.54,66.67844522968197,74.55,60.5,75.06
DQ404160,United Kingdom,2001,4,2,6,60.0,77.37,40.0,79.15,64.59,71.05
KJ560287,United Kingdom,2007,3,1,4,40.0,63.39,46.67844522968197,71.67,47.39,75.4
OM471649,Pakistan,2012,4,1,5,50.0,95.7,59.999999999999986,74.55,60.5,75.06
OK318546,Viet Nam,2017,6,1,7,70.0,81.42,66.67844522968197,80.0,61.35,85.99
MN250316,Viet Nam,2018,4,3,7,70.0,100.0,53.321554770318016,90.37,62.86,88.51
LC036265,Japan,2010,5,1,6,60.0,80.33,73.321554770318,78.51,56.99,76.2
OM456150,Pakistan,2010,1,1,2,20.0,76.45,33.32155477031801,78.51,56.99,76.2
OM471675,Pakistan,2011,3,1,4,40.0,93.68,53.321554770318016,63.74,53.4,72.35
OK318528,Viet Nam,2018,3,1,4,40.0,87.24,53.321554770318016,90.37,62.86,88.51
DQ404164,United Kingdom,2001,4,2,6,60.0,77.01,40.0,79.15,64.59,71.05
MN103523,Nigeria,2014,3,1,4,40.0,100.0,46.67844522968197,81.24,61.33,82.59
MN095360,India,2013,5,1,6,60.0,75.82,53.321554770318016,84.73,60.22,80.2
MT602083,Ethiopia,2019,5,1,6,60.0,100.0,80.0,96.64,58.88,88.05
KF112882,Mongolia,2010,5,1,6,60.0,82.18,73.321554770318,78.51,56.99,76.2
OM456147,Pakistan,2011,1,1,2,20.0,76.37,33.32155477031801,63.74,53.4,72.35
PQ768011,India,2012,4,1,5,50.0,93.44,53.321554770318016,74.55,60.5,75.06
OM471653,Pakistan,2012,3,1,4,40.0,96.65,53.321554770318016,74.55,60.5,75.06
PP432651,Jordan,2023,1,1,2,20.0,100.0,13.321554770318016,78.33,43.23,75.14
MT340197,Viet Nam,2017,4,1,5,50.0,94.57,46.67844522968197,80.0,61.35,85.99
MT340205,Viet Nam,2018,4,1,5,50.0,95.56,53.321554770318016,90.37,62.86,88.51
MN095355,India,2013,5,2,7,70.0,76.22,59.999999999999986,84.73,60.22,80.2
PP112252,Jordan,2023,0,0,0,0.0,100.0,6.678445229681978,78.33,43.23,75.14
KU360085,China,2015,6,2,8,80.0,98.08,59.999999999999986,83.23,62.1,84.29
KJ560305,United Kingdom,2007,3,1,4,40.0,63.77,46.67844522968197,71.67,47.39,75.4
MN116693,Kenya,2014,3,0,3,30.0,81.34,66.67844522968197,81.24,61.33,82.59
JX570654,United Kingdom,2007,3,1,4,40.0,64.86,46.67844522968197,71.67,47.39,75.4
MT944980,Iran,2016,5,1,6,60.0,82.17,46.67844522968197,90.0,59.56,85.49
KJ560309,United Kingdom,2007,3,1,4,40.0,63.77,46.67844522968197,71.67,47.39,75.4
ON868622,Viet Nam,2017,5,2,7,70.0,100.0,59.999999999999986,80.0,61.35,85.99
MG983722,Saudi Arabia,2013,5,2,7,70.0,75.5,59.999999999999986,84.73,60.22,80.2
JX570647,United Kingdom,2007,3,1,4,40.0,64.71,46.67844522968197,71.67,47.39,75.4
MG983715,Nepal,2014,5,1,6,60.0,75.1,53.321554770318016,81.24,61.33,82.59
MG983717,Nepal,2015,3,1,4,40.0,77.1,46.67844522968197,83.23,62.1,84.29
KJ560276,United Kingdom,2007,3,1,4,40.0,63.24000000000001,46.67844522968197,71.67,47.39,75.4
MG983688,Bhutan,2009,5,2,7,70.0,76.33,66.67844522968197,84.88,63.33,79.61
ON868551,Viet Nam,2018,5,2,7,70.0,79.6,46.67844522968197,90.37,62.86,88.51
PP112257,Jordan,2023,1,1,2,20.0,100.0,13.321554770318016,78.33,43.23,75.14
PV524758,Viet Nam,2017,4,1,5,50.0,95.03,46.67844522968197,80.0,61.35,85.99
DQ404177,United Kingdom,2001,4,2,6,60.0,76.02,40.0,79.15,64.59,71.05
PQ768014,India,2012,4,1,5,50.0,92.53,59.999999999999986,74.55,60.5,75.06
OK318508,Viet Nam,2019,4,1,5,50.0,100.0,40.0,96.64,58.88,88.05
KJ560292,United Kingdom,2007,3,1,4,40.0,63.62,46.67844522968197,71.67,47.39,75.4
OM471638,Pakistan,2012,5,1,6,60.0,96.09,66.67844522968197,74.55,60.5,75.06
OM160617,Tunisia,2014,4,3,7,70.0,76.11,40.0,81.24,61.33,82.59
MG725876,Nigeria,2015,4,1,5,50.0,100.0,40.0,83.23,62.1,84.29
MG983705,Nepal,2010,5,1,6,60.0,75.04,66.67844522968197,78.51,56.99,76.2
PV524750,United Arab Emirates,2021,4,2,6,60.0,75.04,33.32155477031801,73.99,62.58,76.87
FJ175661,Israel,2007,3,0,3,30.0,77.41,46.67844522968197,71.67,47.39,75.4
MG983728,Saudi Arabia,2016,3,1,4,40.0,78.77,26.678445229681973,90.0,59.56,85.49
OM160611,Tunisia,2014,4,3,7,70.0,76.02,40.0,81.24,61.33,82.59
JX040498,Turkey,2010,3,1,4,40.0,76.91,46.67844522968197,78.51,56.99,76.2
OM456138,Pakistan,2009,2,1,3,30.0,74.38,46.67844522968197,84.88,63.33,79.61
MG983684,Bangladesh,2009,4,2,6,60.0,75.03,59.999999999999986,84.88,63.33,79.61
PQ768008,India,2010,2,1,3,30.0,96.37,40.0,78.51,56.99,76.2
MF782478,Bangladesh,2013,5,1,6,60.0,95.82,59.999999999999986,84.73,60.22,80.2
OK318522,Viet Nam,2018,3,1,4,40.0,87.79,59.999999999999986,90.37,62.86,88.51
OM471668,Pakistan,2012,3,0,3,30.0,95.13,53.321554770318016,74.55,60.5,75.06
PX114612,Egypt,2024,5,1,6,60.0,100.0,53.321554770318016,70.33,66.7,71.56
OM471629,Pakistan,2012,4,1,5,50.0,93.34,59.999999999999986,74.55,60.5,75.06
OR338615,Argentina,2001,5,3,8,80.0,95.9,59.999999999999986,79.15,64.59,71.05
OM471669,Pakistan,2012,3,0,3,30.0,95.07,53.321554770318016,74.55,60.5,75.06
OM471634,Pakistan,2012,4,1,5,50.0,94.38,59.999999999999986,74.55,60.5,75.06
OK318511,Viet Nam,2018,3,1,4,40.0,87.64,53.321554770318016,90.37,62.86,88.51
OK318500,Viet Nam,2017,4,1,5,50.0,95.56,40.0,80.0,61.35,85.99
ON868565,Viet Nam,2019,5,3,8,80.0,79.44,46.67844522968197,96.64,58.88,88.05
KF694743,South Korea,2002,5,2,7,70.0,78.9,46.67844522968197,66.53,61.09,65.48
PV524756,Pakistan,2020,4,1,5,50.0,96.96,46.67844522968197,76.67,60.55,81.63
MK071699,Bangladesh,2013,4,2,6,60.0,72.8,59.999999999999986,84.73,60.22,80.2
OM160618,Tunisia,2014,5,3,8,80.0,76.48,46.67844522968197,81.24,61.33,82.59
KM268896,Turkey,2013,4,1,5,50.0,97.65,66.67844522968197,84.73,60.22,80.2
OK318550,Viet Nam,2017,4,1,5,50.0,78.73,33.32155477031801,80.0,61.35,85.99
OK318509,Viet Nam,2019,4,1,5,50.0,100.0,33.32155477031801,96.64,58.88,88.05
OR338620,Argentina,2001,5,3,8,80.0,95.52,59.999999999999986,79.15,64.59,71.05
OM456134,Pakistan,2012,3,0,3,30.0,80.5,46.67844522968197,74.55,60.5,75.06
PQ768017,India,2013,4,1,5,50.0,96.22,53.321554770318016,84.73,60.22,80.2
OM471617,Pakistan,2012,5,1,6,60.0,94.99,66.67844522968197,74.55,60.5,75.06
MT340214,Viet Nam,2018,4,1,5,50.0,97.96,40.0,90.37,62.86,88.51
ON868608,Viet Nam,2019,3,1,4,40.0,88.14,53.321554770318016,96.64,58.88,88.05
OK318549,Viet Nam,2017,4,1,5,50.0,78.49,33.32155477031801,80.0,61.35,85.99
OM471626,Pakistan,2012,5,1,6,60.0,95.23,66.67844522968197,74.55,60.5,75.06
EU448377,United Kingdom,2007,3,1,4,40.0,63.32,46.67844522968197,71.67,47.39,75.4
PV524762,Nigeria,2021,3,1,4,40.0,100.0,40.0,73.99,62.58,76.87
DQ989322,India,2002,3,0,3,30.0,97.22,53.321554770318016,66.53,61.09,65.48
ON868592,Viet Nam,2018,3,1,4,40.0,91.29,59.999999999999986,90.37,62.86,88.51
DQ404173,United Kingdom,2001,4,2,6,60.0,76.17,40.0,79.15,64.59,71.05
KJ560278,United Kingdom,2007,3,1,4,40.0,63.32,46.67844522968197,71.67,47.39,75.4
DQ404158,United Kingdom,2001,4,2,6,60.0,77.83,40.0,79.15,64.59,71.05
KM268898,Turkey,2013,4,1,5,50.0,94.72,59.999999999999986,84.73,60.22,80.2
ON868524,Viet Nam,2018,5,2,7,70.0,78.69,46.67844522968197,90.37,62.86,88.51
OM471666,Pakistan,2011,4,1,5,50.0,93.27,59.999999999999986,63.74,53.4,72.35
KF112883,Russia,2010,4,1,5,50.0,79.1,73.321554770318,78.51,56.99,76.2
KJ560283,United Kingdom,2007,3,1,4,40.0,63.54,46.67844522968197,71.67,47.39,75.4
MG983703,Myanmar,2016,5,1,6,60.0,75.73,40.0,90.0,59.56,85.49
KJ825801,India,2013,4,0,4,40.0,76.16,53.321554770318016,84.73,60.22,80.2
MT340209,Viet Nam,2018,3,1,4,40.0,96.63,40.0,90.37,62.86,88.51
MN095366,India,2014,5,1,6,60.0,76.09,53.321554770318016,81.24,61.33,82.59
KY322670,Laos,2013,4,1,5,50.0,82.08,46.67844522968197,84.73,60.22,80.2
LC917744,Iraq,2025,4,1,5,50.0,100.0,26.678445229681973,66.67,57.07,68.48
KJ560307,United Kingdom,2007,3,1,4,40.0,63.77,46.67844522968197,71.67,47.39,75.4
OM471623,Pakistan,2012,5,1,6,60.0,94.95,66.67844522968197,74.55,60.5,75.06
OM471658,Pakistan,2012,4,1,5,50.0,97.26,59.999999999999986,74.55,60.5,75.06
MG725872,Nigeria,2013,6,1,7,70.0,100.0,53.321554770318016,84.73,60.22,80.2
PQ768022,India,2022,5,2,7,70.0,94.55,73.321554770318,76.97,54.34,76.24
HQ832587,India,2005,2,0,2,20.0,97.75,59.999999999999986,65.65,54.38,71.11
OM471678,Pakistan,2012,4,1,5,50.0,96.93,53.321554770318016,74.55,60.5,75.06
KY446901,Pakistan,2006,5,2,7,70.0,97.58,53.321554770318016,79.52,65.65,73.89
JX570655,United Kingdom,2007,3,1,4,40.0,65.09,46.67844522968197,71.67,47.39,75.4
ON868574,Viet Nam,2018,5,2,7,70.0,78.25,46.67844522968197,90.37,62.86,88.51
MG983714,Nepal,2013,5,1,6,60.0,74.67,59.999999999999986,84.73,60.22,80.2
MT340225,Viet Nam,2018,4,1,5,50.0,97.18,53.321554770318016,90.37,62.86,88.51
DQ989317,India,2000,3,1,4,40.0,95.11,59.999999999999986,68.01,57.8,71.13
MT602091,Ethiopia,2018,3,1,4,40.0,100.0,46.67844522968197,90.37,62.86,88.51
ON868571,Viet Nam,2018,5,2,7,70.0,79.5,46.67844522968197,90.37,62.86,88.51
PP432665,Turkey,2023,2,1,3,30.0,100.0,26.678445229681973,78.33,43.23,75.14
PX114609,Egypt,2022,5,1,6,60.0,100.0,53.321554770318016,76.97,54.34,76.24
PQ153286,Pakistan,2021,4,2,6,60.0,75.16,33.32155477031801,73.99,62.58,76.87
KF694739,South Korea,2002,5,2,7,70.0,78.9,46.67844522968197,66.53,61.09,65.48
OR338607,Argentina,2001,5,3,8,80.0,95.76,59.999999999999986,79.15,64.59,71.05
OR338609,Argentina,2001,5,3,8,80.0,95.89,59.999999999999986,79.15,64.59,71.05
PP432660,Turkey,2023,2,1,3,30.0,100.0,26.678445229681973,78.33,43.23,75.14
OM471644,Pakistan,2012,4,1,5,50.0,95.22,59.999999999999986,74.55,60.5,75.06
PP112261,Jordan,2023,0,0,0,0.0,100.0,6.678445229681978,78.33,43.23,75.14
PP112256,Jordan,2023,1,1,2,20.0,100.0,13.321554770318016,78.33,43.23,75.14
LC868346,Iraq,2025,4,1,5,50.0,100.0,26.678445229681973,66.67,57.07,68.48
GQ406252,Viet Nam,2009,6,1,7,70.0,99.12,93.35689045936394,84.88,63.33,79.61
PP432670,Turkey,2023,3,1,4,40.0,100.0,33.32155477031801,78.33,43.23,75.14
PQ807430,Bangladesh,2024,6,1,7,70.0,77.24,59.999999999999986,70.33,66.7,71.56
PQ474238,Russia,2013,4,1,5,50.0,98.88,46.67844522968197,84.73,60.22,80.2
KF112887,South Korea,2010,3,1,4,40.0,81.84,59.999999999999986,78.51,56.99,76.2
PQ587571,Ethiopia,2022,2,1,3,30.0,100.0,20.0,76.97,54.34,76.24
KJ825804,India,2013,4,0,4,40.0,75.22,53.321554770318016,84.73,60.22,80.2
HQ832584,India,2005,3,0,3,30.0,97.81,46.67844522968197,65.65,54.38,71.11
KJ560300,United Kingdom,2007,3,1,4,40.0,63.32,46.67844522968197,71.67,47.39,75.4
KY234502,China,2015,7,2,9,90.0,86.24,66.67844522968197,83.23,62.1,84.29
MT340220,Viet Nam,2018,4,1,5,50.0,98.24,46.67844522968197,90.37,62.86,88.51
GU384683,Pakistan,2008,2,1,3,30.0,74.84,40.0,77.43,55.3,77.9
KJ560289,United Kingdom,2007,3,1,4,40.0,63.54,46.67844522968197,71.67,47.39,75.4
MT602085,Kenya,2013,2,1,3,30.0,100.0,20.0,84.73,60.22,80.2
HQ412603,China,2000,4,2,6,60.0,98.73,53.321554770318016,68.01,57.8,71.13
MH845413,Viet Nam,2014,4,1,5,50.0,84.82,66.67844522968197,81.24,61.33,82.59
MN116691,Kenya,2016,3,1,4,40.0,100.0,33.32155477031801,90.0,59.56,85.49
ON868613,Viet Nam,2019,3,1,4,40.0,91.3,53.321554770318016,96.64,58.88,88.05
OM456133,Pakistan,2012,2,0,2,20.0,80.42,40.0,74.55,60.5,75.06
MT340222,Viet Nam,2019,5,1,6,60.0,98.07,53.321554770318016,96.64,58.88,88.05
OM471640,Pakistan,2012,3,1,4,40.0,97.12,53.321554770318016,74.55,60.5,75.06
DQ989321,India,2001,3,0,3,30.0,96.12,59.999999999999986,79.15,64.59,71.05
MN095369,India,2014,5,1,6,60.0,78.08,53.321554770318016,81.24,61.33,82.59
ON784046,Uganda,2015,6,1,7,70.0,81.95,59.999999999999986,83.23,62.1,84.29
EU448381,United Kingdom,2007,3,1,4,40.0,63.77,46.67844522968197,71.67,47.39,75.4
MN116688,Kenya,2016,5,1,6,60.0,100.0,59.999999999999986,90.0,59.56,85.49
PV524760,Kenya,2010,2,1,3,30.0,100.0,20.0,78.51,56.99,76.2
LC868345,Iraq,2025,3,1,4,40.0,100.0,20.0,66.67,57.07,68.48
OM471665,Pakistan,2011,4,1,5,50.0,92.95,59.999999999999986,63.74,53.4,72.35
PP432653,Jordan,2023,2,1,3,30.0,100.0,20.0,78.33,43.23,75.14
KF694742,South Korea,2002,4,2,6,60.0,78.76,40.0,66.53,61.09,65.48
HQ832581,India,2004,1,0,1,10.0,95.0,33.32155477031801,76.94,49.88,66.5
MN095367,India,2014,5,1,6,60.0,79.92,53.321554770318016,81.24,61.33,82.59
MG725874,Nigeria,2015,5,1,6,60.0,100.0,40.0,83.23,62.1,84.29
ON868563,Viet Nam,2018,5,2,7,70.0,79.38,46.67844522968197,90.37,62.86,88.51
EU448374,United Kingdom,2007,3,1,4,40.0,63.32,46.67844522968197,71.67,47.39,75.4
ON868529,Viet Nam,2018,5,2,7,70.0,78.61,46.67844522968197,90.37,62.86,88.51
JX570646,United Kingdom,2007,3,1,4,40.0,64.71,46.67844522968197,71.67,47.39,75.4
ON868582,Viet Nam,2018,4,1,5,50.0,78.36,33.32155477031801,90.37,62.86,88.51
MH784405,Pakistan,2017,4,1,5,50.0,74.24,40.0,80.0,61.35,85.99
KJ560282,United Kingdom,2007,3,1,4,40.0,63.32,46.67844522968197,71.67,47.39,75.4
EF552688,United Kingdom,2001,4,2,6,60.0,76.4,40.0,79.15,64.59,71.05
OM471664,Pakistan,2011,4,1,5,50.0,93.07,59.999999999999986,63.74,53.4,72.35
DQ404179,United Kingdom,2001,4,2,6,60.0,75.86,40.0,79.15,64.59,71.05
GQ406247,Viet Nam,2009,6,1,7,70.0,99.5,100.0,84.88,63.33,79.61
KJ560294,United Kingdom,2007,3,1,4,40.0,63.39,46.67844522968197,71.67,47.39,75.4
JX570639,United Kingdom,2007,3,1,4,40.0,64.71,46.67844522968197,71.67,47.39,75.4
PQ768012,India,2012,5,1,6,60.0,92.1,73.321554770318,74.55,60.5,75.06
OM471613,Pakistan,2012,4,1,5,50.0,94.17,59.999999999999986,74.55,60.5,75.06
KY444645,Thailand,2016,6,1,7,70.0,81.63,80.0,90.0,59.56,85.49
EF552693,United Kingdom,2001,4,2,6,60.0,76.09,40.0,79.15,64.59,71.05
KY444649,Thailand,2016,6,1,7,70.0,81.77,80.0,90.0,59.56,85.49
ON868536,Viet Nam,2018,5,2,7,70.0,76.96,46.67844522968197,90.37,62.86,88.51
PP916192,Sri Lanka,2019,5,1,6,60.0,76.97,66.67844522968197,96.64,58.88,88.05
PV524753,Kenya,2021,1,0,1,10.0,100.0,20.0,73.99,62.58,76.87
PQ768002,India,2008,5,3,8,80.0,96.41,53.321554770318016,77.43,55.3,77.9
OM455469,Pakistan,2012,4,1,5,50.0,97.92,53.321554770318016,74.55,60.5,75.06
KF694746,South Korea,2002,5,2,7,70.0,79.13,46.67844522968197,66.53,61.09,65.48
OM455474,Pakistan,2012,4,2,6,60.0,97.21,59.999999999999986,74.55,60.5,75.06
OM471635,Pakistan,2012,4,1,5,50.0,94.5,59.999999999999986,74.55,60.5,75.06
MF678826,Nigeria,2015,3,2,5,50.0,100.0,40.0,83.23,62.1,84.29
KC588943,South Korea,2010,4,1,5,50.0,100.0,80.0,78.51,56.99,76.2
EF552697,United Kingdom,2001,4,2,6,60.0,76.4,40.0,79.15,64.59,71.05
OK318551,Viet Nam,2016,3,1,4,40.0,78.81,46.67844522968197,90.0,59.56,85.49
OM160616,Tunisia,2014,4,2,6,60.0,76.97,40.0,81.24,61.33,82.59
KF694735,South Korea,2002,4,2,6,60.0,78.75,40.0,66.53,61.09,65.48
DQ989320,India,2002,3,0,3,30.0,97.79,46.67844522968197,66.53,61.09,65.48
KX712091,Bangladesh,2015,4,1,5,50.0,73.89,33.32155477031801,83.23,62.1,84.29
OM456129,Pakistan,2012,3,1,4,40.0,78.38,40.0,74.55,60.5,75.06
PQ587566,Ethiopia,2022,2,1,3,30.0,100.0,20.0,76.97,54.34,76.24
PX114615,Egypt,2025,5,1,6,60.0,100.0,46.67844522968197,66.67,57.07,68.48
PP432645,Iraq,2022,2,1,3,30.0,100.0,20.0,76.97,54.34,76.24
OR338603,Argentina,2001,5,3,8,80.0,95.6,59.999999999999986,79.15,64.59,71.05
EU448371,United Kingdom,2007,3,1,4,40.0,63.32,46.67844522968197,71.67,47.39,75.4
PQ768013,India,2012,4,1,5,50.0,92.5,66.67844522968197,74.55,60.5,75.06
FJ175665,Israel,2007,2,0,2,20.0,77.55,40.0,71.67,47.39,75.4
OM455479,Pakistan,2012,4,1,5,50.0,96.83,53.321554770318016,74.55,60.5,75.06
KJ754939,Bangladesh,2013,4,2,6,60.0,92.35,53.321554770318016,84.73,60.22,80.2
MT863268,Egypt,2016,6,2,8,80.0,100.0,53.321554770318016,90.0,59.56,85.49
MN983153,India,2001,6,1,7,70.0,75.45,66.67844522968197,79.15,64.59,71.05
OK318547,Viet Nam,2017,5,2,7,70.0,77.73,46.67844522968197,80.0,61.35,85.99
OM471655,Pakistan,2012,5,1,6,60.0,96.49,66.67844522968197,74.55,60.5,75.06
MG983729,Saudi Arabia,2016,4,1,5,50.0,75.29,33.32155477031801,90.0,59.56,85.49
PX114610,Egypt,2022,5,1,6,60.0,100.0,53.321554770318016,76.97,54.34,76.24
OM455481,Pakistan,2012,2,0,2,20.0,93.93,53.321554770318016,74.55,60.5,75.06
OM471679,Pakistan,2012,3,0,3,30.0,97.56,46.67844522968197,74.55,60.5,75.06
MG983741,Viet Nam,2016,5,1,6,60.0,75.91,40.0,90.0,59.56,85.49
EF552694,United Kingdom,2001,4,2,6,60.0,76.25,40.0,79.15,64.59,71.05
KC462884,China,2006,6,2,8,80.0,98.08,59.999999999999986,79.52,65.65,73.89
MT602092,Kenya,2017,1,1,2,20.0,100.0,20.0,80.0,61.35,85.99
MN095370,India,2014,6,1,7,70.0,77.89,59.999999999999986,81.24,61.33,82.59
KJ206908,Bhutan,2013,3,2,5,50.0,76.81,53.321554770318016,84.73,60.22,80.2
MT602089,Egypt,2018,4,1,5,50.0,100.0,26.678445229681973,90.37,62.86,88.51
ON868594,Viet Nam,2019,3,1,4,40.0,88.25,46.67844522968197,96.64,58.88,88.05
OM455478,Pakistan,2012,4,2,6,60.0,97.05,59.999999999999986,74.55,60.5,75.06
OM455473,Pakistan,2012,4,1,5,50.0,100.0,46.67844522968197,74.55,60.5,75.06
PQ474240,Russia,2013,3,1,4,40.0,93.64,46.67844522968197,84.73,60.22,80.2
FJ542367,United Kingdom,2001,4,2,6,60.0,76.4,40.0,79.15,64.59,71.05
OK318499,Viet Nam,2016,5,1,6,60.0,99.18,53.321554770318016,90.0,59.56,85.49
PP587768,Oman,2023,2,1,3,30.0,100.0,20.0,78.33,43.23,75.14
OM456135,Pakistan,2012,3,0,3,30.0,80.73,40.0,74.55,60.5,75.06
PQ474234,Russia,2014,5,1,6,60.0,100.0,46.67844522968197,81.24,61.33,82.59
FJ542365,United Kingdom,2001,4,2,6,60.0,76.25,40.0,79.15,64.59,71.05
KY444646,Thailand,2016,7,2,9,90.0,81.39,86.67844522968198,90.0,59.56,85.49
MG983696,Libya,2013,4,2,6,60.0,76.14,46.67844522968197,84.73,60.22,80.2
MN095364,India,2014,6,1,7,70.0,75.75,59.999999999999986,81.24,61.33,82.59
OK318534,Viet Nam,2019,3,1,4,40.0,87.49,53.321554770318016,96.64,58.88,88.05
KJ560295,United Kingdom,2007,3,1,4,40.0,63.39,46.67844522968197,71.67,47.39,75.4
OQ356347,Egypt,2008,4,1,5,50.0,100.0,80.0,77.43,55.3,77.9
MG983724,Saudi Arabia,2013,4,2,6,60.0,76.06,46.67844522968197,84.73,60.22,80.2
ON868564,Viet Nam,2018,4,2,6,60.0,79.03,40.0,90.37,62.86,88.51
OK318503,Viet Nam,2019,4,1,5,50.0,100.0,33.32155477031801,96.64,58.88,88.05
PQ768003,India,2008,3,1,4,40.0,95.52,53.321554770318016,77.43,55.3,77.9
PP916195,Malaysia,2015,6,1,7,70.0,78.97,73.321554770318,83.23,62.1,84.29
MG983725,Saudi Arabia,2014,4,2,6,60.0,75.59,46.67844522968197,81.24,61.33,82.59
OM471610,Pakistan,2011,4,1,5,50.0,94.97,59.999999999999986,63.74,53.4,72.35
MN095371,India,2014,6,1,7,70.0,76.1,59.999999999999986,81.24,61.33,82.59
MG983738,United Arab Emirates,2016,4,1,5,50.0,76.01,33.32155477031801,90.0,59.56,85.49
ON868549,Viet Nam,2018,5,2,7,70.0,78.71,46.67844522968197,90.37,62.86,88.51
OK318513,Viet Nam,2018,5,3,8,80.0,100.0,59.999999999999986,90.37,62.86,88.51
PP432649,Iraq,2023,2,1,3,30.0,100.0,20.0,78.33,43.23,75.14
LC917738,Iraq,2025,4,1,5,50.0,100.0,26.678445229681973,66.67,57.07,68.48
OR338618,Argentina,2001,5,3,8,80.0,95.83,59.999999999999986,79.15,64.59,71.05
OM471641,Pakistan,2012,3,1,4,40.0,96.15,53.321554770318016,74.55,60.5,75.06
OM471621,Pakistan,2012,4,1,5,50.0,93.79,59.999999999999986,74.55,60.5,75.06
EU448373,United Kingdom,2007,3,1,4,40.0,63.470000000000006,46.67844522968197,71.67,47.39,75.4
OR338613,Argentina,2001,5,3,8,80.0,100.0,40.0,79.15,64.59,71.05
HQ632771,Malaysia,2005,2,2,4,40.0,100.0,46.67844522968197,65.65,54.38,71.11
MT340208,Viet Nam,2018,4,1,5,50.0,96.02,53.321554770318016,90.37,62.86,88.51
PV612390,Bangladesh,2024,5,1,6,60.0,93.02,53.321554770318016,70.33,66.7,71.56
KT968663,China,2013,2,0,2,20.0,99.9,33.32155477031801,84.73,60.22,80.2
JX570643,United Kingdom,2007,3,1,4,40.0,64.4,46.67844522968197,71.67,47.39,75.4
OM471611,Pakistan,2012,4,1,5,50.0,95.8,59.999999999999986,74.55,60.5,75.06
ON868587,Viet Nam,2017,4,1,5,50.0,79.73,40.0,80.0,61.35,85.99
JX040500,Turkey,2011,3,2,5,50.0,77.83,46.67844522968197,63.74,53.4,72.35
LC868343,Iraq,2025,4,1,5,50.0,100.0,26.678445229681973,66.67,57.07,68.48
PP873340,South Korea,2019,4,1,5,50.0,77.37,33.32155477031801,96.64,58.88,88.05
DQ404167,United Kingdom,2001,4,2,6,60.0,76.37,40.0,79.15,64.59,71.05
KR108950,South Africa,2009,4,1,5,50.0,100.0,26.678445229681973,84.88,63.33,79.61
ON868618,Viet Nam,2019,3,2,5,50.0,92.18,53.321554770318016,96.64,58.88,88.05
ON868522,Viet Nam,2017,5,2,7,70.0,77.49,53.321554770318016,80.0,61.35,85.99
OM471671,Pakistan,2012,4,1,5,50.0,97.02,59.999999999999986,74.55,60.5,75.06
MG983734,Sri Lanka,2014,5,1,6,60.0,77.03,53.321554770318016,81.24,61.33,82.59
PV524741,Cambodia,2018,5,3,8,80.0,78.0,46.67844522968197,90.37,62.86,88.51
ON868521,Viet Nam,2018,4,2,6,60.0,79.93,40.0,90.37,62.86,88.51
ON868607,Viet Nam,2019,3,1,4,40.0,87.69,53.321554770318016,96.64,58.88,88.05
LC917736,Iraq,2025,3,1,4,40.0,100.0,20.0,66.67,57.07,68.48
JX040488,Bulgaria,2011,2,2,4,40.0,77.9,40.0,63.74,53.4,72.35
OM471673,Pakistan,2012,3,1,4,40.0,95.26,46.67844522968197,74.55,60.5,75.06
OM455484,Pakistan,2012,2,1,3,30.0,97.11,40.0,74.55,60.5,75.06
MG983718,Nepal,2015,4,1,5,50.0,74.01,33.32155477031801,83.23,62.1,84.29
KY086465,South Korea,2016,4,1,5,50.0,86.59,59.999999999999986,90.0,59.56,85.49
MH784403,Pakistan,2016,4,1,5,50.0,74.36,33.32155477031801,90.0,59.56,85.49
KF112886,South Korea,2010,3,1,4,40.0,81.6,59.999999999999986,78.51,56.99,76.2
OM471674,Pakistan,2011,3,1,4,40.0,94.04,53.321554770318016,63.74,53.4,72.35
OK318531,Viet Nam,2018,3,1,4,40.0,87.88,53.321554770318016,90.37,62.86,88.51
MN983154,India,2005,5,1,6,60.0,74.97,59.999999999999986,65.65,54.38,71.11
PQ587563,Ethiopia,2022,2,1,3,30.0,100.0,20.0,76.97,54.34,76.24
DQ989311,India,2002,3,0,3,30.0,100.0,46.67844522968197,66.53,61.09,65.48
OR338601,Argentina,2001,5,3,8,80.0,95.67,59.999999999999986,79.15,64.59,71.05
OK318530,Viet Nam,2018,3,1,4,40.0,87.71,53.321554770318016,90.37,62.86,88.51
PP432658,Turkey,2023,2,1,3,30.0,100.0,26.678445229681973,78.33,43.23,75.14
LC917740,Iraq,2025,4,1,5,50.0,100.0,26.678445229681973,66.67,57.07,68.48
OM456132,Pakistan,2012,3,1,4,40.0,75.66,46.67844522968197,74.55,60.5,75.06
KJ560285,United Kingdom,2007,3,1,4,40.0,63.470000000000006,46.67844522968197,71.67,47.39,75.4
ON868591,Viet Nam,2019,3,1,4,40.0,91.87,59.999999999999986,96.64,58.88,88.05
MN983156,India,2008,3,1,4,40.0,76.41,46.67844522968197,77.43,55.3,77.9
KM257061,United Kingdom,2001,4,2,6,60.0,76.41,40.0,79.15,64.59,71.05
PP432659,Turkey,2023,2,1,3,30.0,100.0,26.678445229681973,78.33,43.23,75.14
MG913340,Algeria,2017,4,2,6,60.0,100.0,53.321554770318016,80.0,61.35,85.99
