atlas_id	virus	reference_accession	genome_start	genome_end	sequence	g4hunter_score	g4rna_screener_score	pqsfinder_score	concordant_tool_count	predicted_topology	g4_type	g_tetrad_min	loop_lengths	loop_sequences	gene_feature	strand	gc_content_flanking	conservation_pct_phylo	known_disrupting_variants	structural_confidence	functional_context	evidence_note	atlas_version
CSFV-G4-001	CSFV	NC_002657.1	1908	1941	ACAACTGCACCCCGGCTTGCCTCCCCAAAAATAC	-1.029			1	parallel	RNA_G4	0			CDS (polyprotein)	-	47.44			MC	UNANNOTATED	Computational prediction only (G4Hunter); single reference genome (NC_002657.1); pre-conservation Atlas -- conservation_pct_phylo not yet computed (Sprint 6 scope).	1.0
CSFV-G4-002	CSFV	NC_002657.1	3019	3044	AGTGGTCTACACGGGGGGGCTAGTAA	1.154			1	parallel	RNA_G4	0			CDS (polyprotein)	+	49.56			MC	UNANNOTATED	Computational prediction only (G4Hunter); single reference genome (NC_002657.1); pre-conservation Atlas -- conservation_pct_phylo not yet computed (Sprint 6 scope).	1.0
CSFV-G4-003	CSFV	NC_002657.1	3079	3104	GCCCGACGGACTCCCGCACTACCCCA	-1.192			1	parallel	RNA_G4	0			CDS (polyprotein)	-	49.56			MC	UNANNOTATED	Computational prediction only (G4Hunter); single reference genome (NC_002657.1); pre-conservation Atlas -- conservation_pct_phylo not yet computed (Sprint 6 scope).	1.0
CSFV-G4-004	CSFV	NC_002657.1	3747	3772	TGGTTAGTGGGGTTGCCAAGGGTGGA	1.192			1	parallel	RNA_G4	0			CDS (polyprotein)	+	48.23			MC	UNANNOTATED	Computational prediction only (G4Hunter); single reference genome (NC_002657.1); pre-conservation Atlas -- conservation_pct_phylo not yet computed (Sprint 6 scope).	1.0
CSFV-G4-005	CSFV	NC_002657.1	4324	4349	TGGGGCAGAAAAGGGCTGGTTATGGA	1.231			1	parallel	RNA_G4	0			CDS (polyprotein)	+	42.92			MC	UNANNOTATED	Computational prediction only (G4Hunter); single reference genome (NC_002657.1); pre-conservation Atlas -- conservation_pct_phylo not yet computed (Sprint 6 scope).	1.0
CSFV-G4-006	CSFV	NC_002657.1	5242	5275	ACCTAGAGCCCCTGTGAGATTCCCCACCTCTCTC	-1.118			1	parallel	RNA_G4	0			CDS (polyprotein)	-	49.57			MC	UNANNOTATED	Computational prediction only (G4Hunter); single reference genome (NC_002657.1); pre-conservation Atlas -- conservation_pct_phylo not yet computed (Sprint 6 scope).	1.0
CSFV-G4-007	CSFV	NC_002657.1	5283	5314	TAAGAAGGGGGTTGGAAACTGGCTGGGCGTAC	1.094			1	parallel	RNA_G4	0			CDS (polyprotein)	+	50.0			MC	UNANNOTATED	Computational prediction only (G4Hunter); single reference genome (NC_002657.1); pre-conservation Atlas -- conservation_pct_phylo not yet computed (Sprint 6 scope).	1.0
CSFV-G4-008	CSFV	NC_002657.1	5973	6006	TGAGGATAGGGGAGATGAAGGAAGGGGACATGGC	1.294			1	parallel	RNA_G4	0			CDS (polyprotein)	+	48.29			MC	UNANNOTATED	Computational prediction only (G4Hunter); single reference genome (NC_002657.1); pre-conservation Atlas -- conservation_pct_phylo not yet computed (Sprint 6 scope).	1.0
CSFV-G4-009	CSFV	NC_002657.1	6644	6675	CAGAGAAGGGGGAGAGTTGGGAGAGTAAAGCC	0.906			1	parallel	RNA_G4	0			CDS (polyprotein)	+	47.41			MC	UNANNOTATED	Computational prediction only (G4Hunter); single reference genome (NC_002657.1); pre-conservation Atlas -- conservation_pct_phylo not yet computed (Sprint 6 scope).	1.0
CSFV-G4-010	CSFV	NC_002657.1	7562	7586	ATCTTAAGATATGGGTTGTGGGGGA	1.2			1	parallel	RNA_G4	0			CDS (polyprotein)	+	48.44			MC	UNANNOTATED	Computational prediction only (G4Hunter); single reference genome (NC_002657.1); pre-conservation Atlas -- conservation_pct_phylo not yet computed (Sprint 6 scope).	1.0
CSFV-G4-011	CSFV	NC_002657.1	7564	7590	CTTAAGATATGGGTTGTGGGGGACGCA	1.074			1	parallel	RNA_G4	0			CDS (polyprotein)	+	48.46			MC	UNANNOTATED	Computational prediction only (G4Hunter); single reference genome (NC_002657.1); pre-conservation Atlas -- conservation_pct_phylo not yet computed (Sprint 6 scope).	1.0
CSFV-G4-012	CSFV	NC_002657.1	7654	7690	CGTGAAGTGGCTGGCATTTGGGGGGGAATCAATAGCA	0.946			1	parallel	RNA_G4	0			CDS (polyprotein)	+	50.21			MC	UNANNOTATED	Computational prediction only (G4Hunter); single reference genome (NC_002657.1); pre-conservation Atlas -- conservation_pct_phylo not yet computed (Sprint 6 scope).	1.0
CSFV-G4-013	CSFV	NC_002657.1	8072	8097	ATAGCAGTCATGCTAGGGGTAGGGGC	1.154			1	parallel	RNA_G4	0			CDS (polyprotein)	+	50.44			MC	UNANNOTATED	Computational prediction only (G4Hunter); single reference genome (NC_002657.1); pre-conservation Atlas -- conservation_pct_phylo not yet computed (Sprint 6 scope).	1.0
CSFV-G4-014	CSFV	NC_002657.1	8077	8106	AGTCATGCTAGGGGTAGGGGCCGTGGCAGC	1.0			1	parallel	RNA_G4	0			CDS (polyprotein)	+	49.57			MC	UNANNOTATED	Computational prediction only (G4Hunter); single reference genome (NC_002657.1); pre-conservation Atlas -- conservation_pct_phylo not yet computed (Sprint 6 scope).	1.0
CSFV-G4-015	CSFV	NC_002657.1	8290	8316	TGGAGTTTTCTATAAGGGGTGGGAGGC	1.185			1	parallel	RNA_G4	0			CDS (polyprotein)	+	44.49			MC	UNANNOTATED	Computational prediction only (G4Hunter); single reference genome (NC_002657.1); pre-conservation Atlas -- conservation_pct_phylo not yet computed (Sprint 6 scope).	1.0
CSFV-G4-016	CSFV	NC_002657.1	8300	8328	TATAAGGGGTGGGAGGCAAAAGAGTTGGC	1.069			1	parallel	RNA_G4	0			CDS (polyprotein)	+	44.98			MC	UNANNOTATED	Computational prediction only (G4Hunter); single reference genome (NC_002657.1); pre-conservation Atlas -- conservation_pct_phylo not yet computed (Sprint 6 scope).	1.0
CSFV-G4-017	CSFV	NC_002657.1	8891	8920	CACACAGGGGCTGGATATCATGGGGCATAC	0.933			1	parallel	RNA_G4	0			CDS (polyprotein)	+	47.39			MC	UNANNOTATED	Computational prediction only (G4Hunter); single reference genome (NC_002657.1); pre-conservation Atlas -- conservation_pct_phylo not yet computed (Sprint 6 scope).	1.0
CSFV-G4-018	CSFV	NC_002657.1	12051	12081	TGATAGGGAGAGGGGTATGAGCGCGGGTAAC	1.097			1	parallel	RNA_G4	0			CDS (polyprotein)	+	38.96			MC	UNANNOTATED	Computational prediction only (G4Hunter); single reference genome (NC_002657.1); pre-conservation Atlas -- conservation_pct_phylo not yet computed (Sprint 6 scope).	1.0
